"Date","Price","Open","High","Low","Vol.","Change %"
"Feb 07, 2018","2,681.66","2,690.95","2,727.67","2,681.33","-","-0.50%"
"Feb 06, 2018","2,695.14","2,614.78","2,701.04","2,593.07","-","1.74%"
"Feb 05, 2018","2,648.94","2,741.06","2,763.39","2,638.17","-","-4.10%"
"Feb 02, 2018","2,762.13","2,808.92","2,808.92","2,759.97","-","-2.12%"
"Feb 01, 2018","2,821.98","2,816.45","2,835.96","2,812.70","-","-0.06%"
"Jan 31, 2018","2,823.81","2,832.41","2,839.26","2,813.04","-","0.05%"
"Jan 30, 2018","2,822.43","2,832.74","2,837.75","2,818.27","-","-1.09%"
"Jan 29, 2018","2,853.53","2,867.23","2,870.62","2,851.48","-","-0.67%"
"Jan 26, 2018","2,872.87","2,847.48","2,872.87","2,846.18","-","1.18%"
"Jan 25, 2018","2,839.25","2,846.24","2,848.56","2,830.94","-","0.06%"
"Jan 24, 2018","2,837.54","2,845.42","2,852.97","2,824.81","-","-0.06%"
"Jan 23, 2018","2,839.13","2,835.05","2,842.24","2,830.59","-","0.22%"
"Jan 22, 2018","2,832.97","2,809.16","2,833.03","2,808.12","-","0.81%"
"Jan 19, 2018","2,810.30","2,802.60","2,810.33","2,798.08","-","0.44%"
"Jan 18, 2018","2,798.03","2,802.40","2,805.83","2,792.56","-","-0.16%"
"Jan 17, 2018","2,802.56","2,784.99","2,807.04","2,778.38","-","0.94%"
"Jan 16, 2018","2,776.42","2,798.96","2,807.54","2,768.64","-","-0.35%"
"Jan 12, 2018","2,786.24","2,770.18","2,787.85","2,769.64","-","0.67%"
"Jan 11, 2018","2,767.56","2,752.97","2,767.56","2,752.78","-","0.70%"
"Jan 10, 2018","2,748.23","2,745.55","2,750.80","2,736.06","-","-0.11%"
"Jan 09, 2018","2,751.29","2,751.15","2,759.14","2,747.86","-","0.13%"
"Jan 08, 2018","2,747.71","2,742.67","2,748.51","2,737.60","-","0.17%"
"Jan 05, 2018","2,743.15","2,731.33","2,743.45","2,727.92","-","0.70%"
"Jan 04, 2018","2,723.99","2,719.31","2,729.29","2,719.07","-","0.40%"
"Jan 03, 2018","2,713.06","2,697.85","2,714.37","2,697.77","-","0.64%"
"Jan 02, 2018","2,695.81","2,683.73","2,695.89","2,682.36","-","0.83%"
"Dec 29, 2017","2,673.61","2,689.15","2,692.12","2,673.61","-","-0.52%"
"Dec 28, 2017","2,687.54","2,686.10","2,687.66","2,682.69","-","0.18%"
"Dec 27, 2017","2,682.62","2,682.10","2,685.64","2,678.91","-","0.08%"
"Dec 26, 2017","2,680.50","2,679.09","2,682.74","2,677.96","-","-0.11%"
"Dec 22, 2017","2,683.34","2,684.22","2,685.35","2,678.13","-","-0.05%"
"Dec 21, 2017","2,684.57","2,683.02","2,692.64","2,682.40","-","0.20%"
"Dec 20, 2017","2,679.25","2,688.18","2,691.01","2,676.11","-","-0.08%"
"Dec 19, 2017","2,681.47","2,692.71","2,694.44","2,680.74","-","-0.32%"
"Dec 18, 2017","2,690.16","2,685.92","2,694.97","2,685.92","-","0.54%"
"Dec 15, 2017","2,675.81","2,660.63","2,679.63","2,659.14","-","0.90%"
"Dec 14, 2017","2,652.01","2,665.87","2,668.09","2,652.01","-","-0.41%"
"Dec 13, 2017","2,662.85","2,667.59","2,671.88","2,662.85","-","-0.05%"
"Dec 12, 2017","2,664.11","2,661.73","2,669.72","2,659.78","-","0.15%"
"Dec 11, 2017","2,659.99","2,652.19","2,660.33","2,651.47","-","0.32%"
"Dec 08, 2017","2,651.50","2,646.21","2,651.65","2,644.10","-","0.55%"
"Dec 07, 2017","2,636.98","2,628.38","2,640.99","2,626.53","-","0.29%"
"Dec 06, 2017","2,629.27","2,626.24","2,634.41","2,624.75","-","-0.01%"
"Dec 05, 2017","2,629.57","2,639.78","2,648.72","2,627.73","-","-0.37%"
"Dec 04, 2017","2,639.44","2,657.19","2,665.19","2,639.03","-","-0.11%"
"Dec 01, 2017","2,642.22","2,645.10","2,650.62","2,605.52","-","-0.20%"
"Nov 30, 2017","2,647.58","2,633.93","2,657.74","2,633.93","-","0.82%"
"Nov 29, 2017","2,626.07","2,627.82","2,634.89","2,620.32","-","-0.04%"
"Nov 28, 2017","2,627.04","2,605.94","2,627.69","2,605.44","-","0.98%"
"Nov 27, 2017","2,601.42","2,602.66","2,606.41","2,598.87","-","-0.04%"
"Nov 24, 2017","2,602.42","2,600.42","2,604.21","2,600.42","-","0.21%"
"Nov 22, 2017","2,597.08","2,600.31","2,600.94","2,595.23","-","-0.08%"
"Nov 21, 2017","2,599.03","2,589.17","2,601.19","2,589.17","-","0.65%"
"Nov 20, 2017","2,582.14","2,579.49","2,584.64","2,578.24","-","0.13%"
"Nov 17, 2017","2,578.85","2,582.94","2,583.96","2,577.62","-","-0.26%"
"Nov 16, 2017","2,585.64","2,572.95","2,590.09","2,572.95","-","0.82%"
"Nov 15, 2017","2,564.62","2,569.45","2,572.84","2,557.45","-","-0.55%"
"Nov 14, 2017","2,578.87","2,577.75","2,579.66","2,566.56","-","-0.23%"
"Nov 13, 2017","2,584.84","2,576.53","2,587.66","2,574.48","-","0.10%"
"Nov 10, 2017","2,582.30","2,580.18","2,583.81","2,575.57","-","-0.09%"
"Nov 09, 2017","2,584.62","2,584.00","2,586.50","2,566.33","-","-0.38%"
"Nov 08, 2017","2,594.38","2,588.71","2,595.47","2,585.02","-","0.14%"
"Nov 07, 2017","2,590.64","2,592.11","2,597.02","2,584.35","-","-0.02%"
"Nov 06, 2017","2,591.13","2,587.47","2,593.38","2,585.66","-","0.13%"
"Nov 03, 2017","2,587.84","2,581.93","2,588.42","2,576.77","-","0.31%"
"Nov 02, 2017","2,579.85","2,579.46","2,581.11","2,566.17","-","0.02%"
"Nov 01, 2017","2,579.36","2,583.21","2,588.40","2,574.92","-","0.16%"
"Oct 31, 2017","2,575.26","2,575.99","2,578.29","2,572.15","-","0.09%"
"Oct 30, 2017","2,572.83","2,577.75","2,580.03","2,568.25","-","-0.32%"
"Oct 27, 2017","2,581.07","2,570.26","2,582.98","2,565.94","-","0.81%"
"Oct 26, 2017","2,560.40","2,560.08","2,567.07","2,559.80","-","0.13%"
"Oct 25, 2017","2,557.15","2,566.52","2,567.40","2,544.00","-","-0.47%"
"Oct 24, 2017","2,569.13","2,568.66","2,572.18","2,565.58","-","0.16%"
"Oct 23, 2017","2,564.98","2,578.08","2,578.29","2,564.33","-","-0.40%"
"Oct 20, 2017","2,575.21","2,567.56","2,575.44","2,567.56","-","0.51%"
"Oct 19, 2017","2,562.10","2,553.39","2,562.36","2,547.92","-","0.03%"
"Oct 18, 2017","2,561.26","2,562.87","2,564.11","2,559.67","-","0.07%"
"Oct 17, 2017","2,559.36","2,557.17","2,559.71","2,554.69","-","0.07%"
"Oct 16, 2017","2,557.64","2,555.57","2,559.47","2,552.64","-","0.18%"
"Oct 13, 2017","2,553.17","2,555.66","2,557.65","2,552.09","-","0.09%"
"Oct 12, 2017","2,550.93","2,552.88","2,555.33","2,548.31","-","-0.17%"
"Oct 11, 2017","2,555.24","2,550.62","2,555.24","2,547.95","-","0.18%"
"Oct 10, 2017","2,550.64","2,549.99","2,555.23","2,544.86","-","0.23%"
"Oct 09, 2017","2,544.73","2,551.39","2,551.82","2,541.60","-","-0.18%"
"Oct 06, 2017","2,549.33","2,547.44","2,549.41","2,543.79","-","-0.11%"
"Oct 05, 2017","2,552.07","2,540.86","2,552.51","2,540.02","-","0.56%"
"Oct 04, 2017","2,537.74","2,533.48","2,540.53","2,531.80","-","0.12%"
"Oct 03, 2017","2,534.58","2,530.34","2,535.13","2,528.85","-","0.22%"
"Oct 02, 2017","2,529.12","2,521.20","2,529.23","2,520.40","-","0.39%"
"Sep 29, 2017","2,519.36","2,509.96","2,519.44","2,507.99","-","0.37%"
"Sep 28, 2017","2,510.06","2,503.41","2,510.81","2,502.93","-","0.12%"
"Sep 27, 2017","2,507.04","2,503.30","2,511.75","2,495.91","-","0.41%"
"Sep 26, 2017","2,496.84","2,501.04","2,503.51","2,495.12","-","0.01%"
"Sep 25, 2017","2,496.66","2,499.39","2,502.54","2,488.03","-","-0.22%"
"Sep 22, 2017","2,502.22","2,497.26","2,503.47","2,496.54","-","0.06%"
"Sep 21, 2017","2,500.60","2,507.16","2,507.16","2,499.00","-","-0.30%"
"Sep 20, 2017","2,508.24","2,506.84","2,508.85","2,496.67","-","0.06%"
"Sep 19, 2017","2,506.65","2,506.29","2,507.84","2,503.19","-","0.11%"
"Sep 18, 2017","2,503.87","2,502.51","2,508.32","2,499.92","-","0.15%"
"Sep 15, 2017","2,500.23","2,495.67","2,500.23","2,493.16","-","0.18%"
"Sep 14, 2017","2,495.62","2,494.56","2,498.43","2,491.35","-","-0.11%"
"Sep 13, 2017","2,498.37","2,493.89","2,498.37","2,492.14","-","0.08%"
"Sep 12, 2017","2,496.48","2,491.94","2,496.77","2,490.37","-","0.34%"
"Sep 11, 2017","2,488.11","2,474.52","2,488.95","2,474.52","-","1.08%"
"Sep 08, 2017","2,461.43","2,462.25","2,467.11","2,459.40","-","-0.15%"
"Sep 07, 2017","2,465.10","2,468.06","2,468.62","2,460.29","-","-0.02%"
"Sep 06, 2017","2,465.54","2,463.83","2,469.64","2,459.20","-","0.31%"
"Sep 05, 2017","2,457.85","2,470.35","2,471.97","2,446.55","-","-0.76%"
"Sep 01, 2017","2,476.55","2,474.42","2,480.38","2,473.85","-","0.20%"
"Aug 31, 2017","2,471.65","2,462.65","2,475.01","2,462.65","-","0.57%"
"Aug 30, 2017","2,457.59","2,446.06","2,460.31","2,443.77","-","0.46%"
"Aug 29, 2017","2,446.30","2,431.94","2,449.19","2,428.20","-","0.08%"
"Aug 28, 2017","2,444.24","2,447.35","2,449.12","2,439.03","-","0.05%"
"Aug 25, 2017","2,443.05","2,444.72","2,453.96","2,442.22","-","0.17%"
"Aug 24, 2017","2,438.97","2,447.91","2,450.39","2,436.19","-","-0.21%"
"Aug 23, 2017","2,444.04","2,444.88","2,448.91","2,441.42","-","-0.35%"
"Aug 22, 2017","2,452.51","2,433.75","2,454.77","2,433.67","-","0.99%"
"Aug 21, 2017","2,428.37","2,425.50","2,430.58","2,417.35","-","0.12%"
"Aug 18, 2017","2,425.55","2,427.64","2,440.27","2,420.69","-","-0.18%"
"Aug 17, 2017","2,430.01","2,462.95","2,465.02","2,430.01","-","-1.54%"
"Aug 16, 2017","2,468.11","2,468.63","2,474.93","2,463.86","-","0.14%"
"Aug 15, 2017","2,464.61","2,468.66","2,468.90","2,461.61","-","-0.05%"
"Aug 14, 2017","2,465.84","2,454.96","2,468.22","2,454.96","-","1.00%"
"Aug 11, 2017","2,441.32","2,441.04","2,448.09","2,437.85","-","0.13%"
"Aug 10, 2017","2,438.21","2,465.38","2,465.38","2,437.75","-","-1.45%"
"Aug 09, 2017","2,474.02","2,465.35","2,474.41","2,462.08","-","-0.04%"
"Aug 08, 2017","2,474.92","2,478.35","2,490.87","2,470.32","-","-0.24%"
"Aug 07, 2017","2,480.91","2,477.14","2,480.95","2,475.88","-","0.16%"
"Aug 04, 2017","2,476.83","2,476.88","2,480.00","2,472.08","-","0.19%"
"Aug 03, 2017","2,472.16","2,476.03","2,476.03","2,468.85","-","-0.22%"
"Aug 02, 2017","2,477.57","2,480.38","2,480.38","2,466.48","-","0.05%"
"Aug 01, 2017","2,476.35","2,477.10","2,478.51","2,471.14","-","0.24%"
"Jul 31, 2017","2,470.30","2,475.94","2,477.96","2,468.53","-","-0.07%"
"Jul 28, 2017","2,472.10","2,469.12","2,473.53","2,464.66","-","-0.13%"
"Jul 27, 2017","2,475.42","2,482.76","2,484.04","2,459.93","-","-0.10%"
"Jul 26, 2017","2,477.83","2,479.97","2,481.69","2,474.94","-","0.03%"
"Jul 25, 2017","2,477.13","2,477.88","2,481.24","2,474.91","-","0.29%"
"Jul 24, 2017","2,469.91","2,472.04","2,473.10","2,466.32","-","-0.11%"
"Jul 21, 2017","2,472.54","2,467.40","2,472.54","2,465.06","-","-0.04%"
"Jul 20, 2017","2,473.45","2,475.56","2,477.62","2,468.43","-","-0.02%"
"Jul 19, 2017","2,473.83","2,463.85","2,473.83","2,463.85","-","0.54%"
"Jul 18, 2017","2,460.61","2,455.88","2,460.92","2,450.34","-","0.06%"
"Jul 17, 2017","2,459.14","2,459.50","2,462.82","2,457.16","-","-0.01%"
"Jul 14, 2017","2,459.27","2,449.16","2,463.54","2,446.69","-","0.47%"
"Jul 13, 2017","2,447.83","2,444.99","2,449.32","2,441.69","-","0.19%"
"Jul 12, 2017","2,443.25","2,435.75","2,445.76","2,435.75","-","0.73%"
"Jul 11, 2017","2,425.53","2,427.35","2,429.30","2,412.79","-","-0.08%"
"Jul 10, 2017","2,427.43","2,424.51","2,432.00","2,422.27","-","0.09%"
"Jul 07, 2017","2,425.18","2,413.52","2,426.92","2,413.52","-","0.64%"
"Jul 06, 2017","2,409.75","2,423.44","2,424.28","2,407.70","-","-0.94%"
"Jul 05, 2017","2,432.54","2,430.78","2,434.90","2,422.05","-","0.15%"
"Jul 03, 2017","2,429.01","2,431.39","2,439.17","2,428.69","-","0.23%"
"Jun 30, 2017","2,423.41","2,429.20","2,432.71","2,421.65","-","0.15%"
"Jun 29, 2017","2,419.70","2,442.38","2,442.73","2,405.70","-","-0.86%"
"Jun 28, 2017","2,440.69","2,428.70","2,442.97","2,428.02","-","0.88%"
"Jun 27, 2017","2,419.38","2,436.34","2,440.15","2,419.38","-","-0.81%"
"Jun 26, 2017","2,439.07","2,443.32","2,450.42","2,437.03","-","0.03%"
"Jun 23, 2017","2,438.30","2,434.65","2,441.40","2,431.11","-","0.16%"
"Jun 22, 2017","2,434.50","2,437.40","2,441.62","2,433.27","-","-0.05%"
"Jun 21, 2017","2,435.61","2,439.31","2,442.23","2,430.74","-","-0.06%"
"Jun 20, 2017","2,437.03","2,450.66","2,450.66","2,436.60","-","-0.67%"
"Jun 19, 2017","2,453.46","2,442.55","2,453.82","2,441.79","-","0.83%"
"Jun 16, 2017","2,433.15","2,431.24","2,433.15","2,422.88","-","0.03%"
"Jun 15, 2017","2,432.46","2,424.14","2,433.95","2,418.53","-","-0.22%"
"Jun 14, 2017","2,437.92","2,443.75","2,443.75","2,428.34","-","-0.10%"
"Jun 13, 2017","2,440.35","2,434.15","2,441.49","2,431.28","-","0.45%"
"Jun 12, 2017","2,429.39","2,425.88","2,430.38","2,419.97","-","-0.10%"
"Jun 09, 2017","2,431.77","2,436.39","2,446.20","2,415.70","-","-0.08%"
"Jun 08, 2017","2,433.79","2,434.27","2,439.27","2,427.94","-","0.03%"
"Jun 07, 2017","2,433.14","2,432.03","2,435.28","2,424.75","-","0.16%"
"Jun 06, 2017","2,429.33","2,431.92","2,436.21","2,428.12","-","-0.28%"
"Jun 05, 2017","2,436.10","2,437.83","2,439.55","2,434.32","-","-0.12%"
"Jun 02, 2017","2,439.07","2,431.28","2,440.23","2,427.71","-","0.37%"
"Jun 01, 2017","2,430.06","2,415.65","2,430.06","2,413.54","-","0.76%"
"May 31, 2017","2,411.80","2,415.63","2,415.99","2,403.59","-","-0.05%"
"May 30, 2017","2,412.91","2,411.67","2,415.26","2,409.43","-","-0.12%"
"May 26, 2017","2,415.82","2,414.50","2,416.68","2,412.20","-","0.03%"
"May 25, 2017","2,415.07","2,409.54","2,418.71","2,408.01","-","0.44%"
"May 24, 2017","2,404.39","2,401.41","2,405.58","2,397.99","-","0.25%"
"May 23, 2017","2,398.42","2,397.04","2,400.85","2,393.88","-","0.18%"
"May 22, 2017","2,394.02","2,387.21","2,395.46","2,386.92","-","0.52%"
"May 19, 2017","2,381.73","2,371.37","2,389.06","2,370.43","-","0.68%"
"May 18, 2017","2,365.72","2,354.69","2,375.74","2,352.72","-","0.37%"
"May 17, 2017","2,357.03","2,382.95","2,384.87","2,356.21","-","-1.82%"
"May 16, 2017","2,400.67","2,404.55","2,405.77","2,396.05","-","-0.07%"
"May 15, 2017","2,402.32","2,393.98","2,404.05","2,393.94","-","0.48%"
"May 12, 2017","2,390.90","2,392.44","2,392.44","2,387.19","-","-0.15%"
"May 11, 2017","2,394.44","2,394.84","2,395.72","2,381.74","-","-0.22%"
"May 10, 2017","2,399.63","2,396.79","2,399.74","2,392.79","-","0.11%"
"May 09, 2017","2,396.92","2,401.58","2,403.87","2,392.44","-","-0.10%"
"May 08, 2017","2,399.38","2,399.94","2,401.36","2,393.92","-","0.00%"
"May 05, 2017","2,399.29","2,392.37","2,399.29","2,389.38","-","0.41%"
"May 04, 2017","2,389.52","2,389.79","2,391.43","2,380.35","-","0.06%"
"May 03, 2017","2,388.13","2,386.50","2,389.82","2,379.75","-","-0.13%"
"May 02, 2017","2,391.17","2,391.05","2,392.93","2,385.82","-","0.12%"
"May 01, 2017","2,388.33","2,388.50","2,394.49","2,384.83","-","0.17%"
"Apr 28, 2017","2,384.20","2,393.68","2,393.68","2,382.36","-","-0.19%"
"Apr 27, 2017","2,388.77","2,389.70","2,392.10","2,382.68","-","0.06%"
"Apr 26, 2017","2,387.45","2,388.98","2,398.16","2,386.76","-","-0.05%"
"Apr 25, 2017","2,388.61","2,381.51","2,392.48","2,381.15","-","0.61%"
"Apr 24, 2017","2,374.15","2,370.33","2,376.98","2,369.19","-","1.08%"
"Apr 21, 2017","2,348.69","2,354.74","2,356.18","2,344.51","-","-0.30%"
"Apr 20, 2017","2,355.84","2,342.69","2,361.37","2,340.91","-","0.76%"
"Apr 19, 2017","2,338.17","2,346.79","2,352.63","2,335.05","-","-0.17%"
"Apr 18, 2017","2,342.19","2,342.53","2,348.35","2,334.54","-","-0.29%"
"Apr 17, 2017","2,349.01","2,332.62","2,349.14","2,332.51","-","0.86%"
"Apr 13, 2017","2,328.95","2,341.98","2,348.26","2,328.95","-","-0.68%"
"Apr 12, 2017","2,344.93","2,352.15","2,352.72","2,341.18","-","-0.38%"
"Apr 11, 2017","2,353.78","2,353.92","2,355.22","2,337.25","-","-0.14%"
"Apr 10, 2017","2,357.16","2,357.16","2,366.37","2,351.50","-","0.07%"
"Apr 07, 2017","2,355.54","2,356.59","2,363.76","2,350.74","-","-0.08%"
"Apr 06, 2017","2,357.49","2,353.79","2,364.16","2,348.90","-","0.19%"
"Apr 05, 2017","2,352.95","2,366.59","2,378.36","2,350.52","-","-0.31%"
"Apr 04, 2017","2,360.16","2,354.76","2,360.53","2,350.72","-","0.06%"
"Apr 03, 2017","2,358.84","2,362.34","2,365.87","2,344.73","-","-0.16%"
"Mar 31, 2017","2,362.72","2,364.82","2,370.35","2,362.60","-","-0.23%"
"Mar 30, 2017","2,368.06","2,361.31","2,370.42","2,358.58","-","0.29%"
"Mar 29, 2017","2,361.13","2,356.54","2,363.36","2,352.94","-","0.11%"
"Mar 28, 2017","2,358.57","2,339.79","2,363.78","2,337.63","-","0.73%"
"Mar 27, 2017","2,341.59","2,329.11","2,344.90","2,322.25","-","-0.10%"
"Mar 24, 2017","2,343.98","2,350.42","2,356.22","2,335.74","-","-0.08%"
"Mar 23, 2017","2,345.96","2,345.97","2,358.92","2,342.13","-","-0.11%"
"Mar 22, 2017","2,348.45","2,343.00","2,351.81","2,336.45","-","0.19%"
"Mar 21, 2017","2,344.02","2,379.32","2,381.93","2,341.90","-","-1.24%"
"Mar 20, 2017","2,373.47","2,378.24","2,379.55","2,369.66","-","-0.20%"
"Mar 17, 2017","2,378.25","2,383.71","2,385.71","2,377.64","-","-0.13%"
"Mar 16, 2017","2,381.38","2,387.71","2,388.10","2,377.18","-","-0.16%"
"Mar 15, 2017","2,385.26","2,370.34","2,390.01","2,368.94","-","0.84%"
"Mar 14, 2017","2,365.45","2,368.55","2,368.55","2,358.18","-","-0.34%"
"Mar 13, 2017","2,373.47","2,371.56","2,374.42","2,368.52","-","0.04%"
"Mar 10, 2017","2,372.60","2,372.52","2,376.86","2,363.04","-","0.33%"
"Mar 09, 2017","2,364.87","2,363.49","2,369.08","2,354.54","-","0.08%"
"Mar 08, 2017","2,362.98","2,369.81","2,373.09","2,361.01","-","-0.23%"
"Mar 07, 2017","2,368.39","2,370.74","2,375.12","2,365.51","-","-0.29%"
"Mar 06, 2017","2,375.31","2,375.23","2,378.80","2,367.98","-","-0.33%"
"Mar 03, 2017","2,383.12","2,380.92","2,383.89","2,375.39","-","0.05%"
"Mar 02, 2017","2,381.92","2,394.75","2,394.75","2,380.17","-","-0.59%"
"Mar 01, 2017","2,395.96","2,380.13","2,400.98","2,380.13","-","1.37%"
"Feb 28, 2017","2,363.64","2,366.08","2,367.79","2,358.96","-","-0.26%"
"Feb 27, 2017","2,369.75","2,365.23","2,371.54","2,361.87","-","0.10%"
"Feb 24, 2017","2,367.34","2,355.73","2,367.34","2,352.87","-","0.15%"
"Feb 23, 2017","2,363.81","2,367.50","2,368.26","2,355.09","-","0.04%"
"Feb 22, 2017","2,362.82","2,361.11","2,365.13","2,358.34","-","-0.11%"
"Feb 21, 2017","2,365.38","2,354.91","2,366.71","2,354.91","-","0.60%"
"Feb 17, 2017","2,351.16","2,343.01","2,351.16","2,339.58","-","0.17%"
"Feb 16, 2017","2,347.22","2,349.64","2,351.31","2,338.87","-","-0.09%"
"Feb 15, 2017","2,349.25","2,335.58","2,351.30","2,334.81","-","0.50%"
"Feb 14, 2017","2,337.58","2,326.12","2,337.58","2,322.17","-","0.40%"
"Feb 13, 2017","2,328.25","2,321.72","2,331.58","2,321.42","-","0.52%"
"Feb 10, 2017","2,316.10","2,312.27","2,319.23","2,311.10","-","0.36%"
"Feb 09, 2017","2,307.87","2,296.70","2,311.08","2,296.61","-","0.58%"
"Feb 08, 2017","2,294.67","2,289.55","2,295.91","2,285.38","-","0.07%"
"Feb 07, 2017","2,293.08","2,295.87","2,299.40","2,290.16","-","0.02%"
"Feb 06, 2017","2,292.56","2,294.28","2,296.18","2,288.57","-","-0.21%"
"Feb 03, 2017","2,297.42","2,288.54","2,298.31","2,287.88","-","0.73%"
"Feb 02, 2017","2,280.85","2,276.69","2,283.97","2,271.65","-","0.06%"
"Feb 01, 2017","2,279.55","2,285.59","2,289.14","2,272.44","-","0.03%"
"Jan 31, 2017","2,278.87","2,274.02","2,279.09","2,267.21","-","-0.09%"
"Jan 30, 2017","2,280.90","2,286.01","2,286.01","2,268.04","-","-0.60%"
"Jan 27, 2017","2,294.69","2,299.02","2,299.02","2,291.62","-","-0.09%"
"Jan 26, 2017","2,296.68","2,298.63","2,300.99","2,294.08","-","-0.07%"
"Jan 25, 2017","2,298.37","2,288.88","2,299.55","2,288.88","-","0.80%"
"Jan 24, 2017","2,280.07","2,267.88","2,284.63","2,266.68","-","0.66%"
"Jan 23, 2017","2,265.20","2,267.78","2,271.78","2,257.02","-","-0.27%"
"Jan 20, 2017","2,271.31","2,269.96","2,276.96","2,265.01","-","0.34%"
"Jan 19, 2017","2,263.69","2,271.90","2,274.33","2,258.41","-","-0.36%"
"Jan 18, 2017","2,271.89","2,269.14","2,272.01","2,263.35","-","0.18%"
"Jan 17, 2017","2,267.89","2,269.14","2,272.08","2,262.81","-","-0.30%"
"Jan 13, 2017","2,274.64","2,272.74","2,278.68","2,271.51","-","0.18%"
"Jan 12, 2017","2,270.44","2,271.14","2,271.78","2,254.25","-","-0.21%"
"Jan 11, 2017","2,275.32","2,268.60","2,275.32","2,260.83","-","0.28%"
"Jan 10, 2017","2,268.90","2,269.72","2,279.27","2,265.27","-","0.00%"
"Jan 09, 2017","2,268.90","2,273.59","2,275.49","2,268.90","-","-0.35%"
"Jan 06, 2017","2,276.98","2,271.14","2,282.10","2,264.06","-","0.35%"
"Jan 05, 2017","2,269.00","2,268.18","2,271.50","2,260.45","-","-0.08%"
"Jan 04, 2017","2,270.75","2,261.60","2,272.82","2,261.60","-","0.57%"
"Jan 03, 2017","2,257.83","2,251.57","2,263.88","2,245.13","-","0.85%"
"Dec 30, 2016","2,238.83","2,251.61","2,253.58","2,233.62","-","-0.46%"
"Dec 29, 2016","2,249.26","2,249.50","2,254.51","2,244.56","-","-0.03%"
"Dec 28, 2016","2,249.92","2,270.23","2,271.31","2,249.11","-","-0.84%"
"Dec 27, 2016","2,268.88","2,266.23","2,273.82","2,266.15","-","0.22%"
"Dec 23, 2016","2,263.79","2,260.25","2,263.79","2,258.84","-","0.13%"
"Dec 22, 2016","2,260.96","2,262.93","2,263.18","2,256.08","-","-0.19%"
"Dec 21, 2016","2,265.18","2,270.54","2,271.23","2,265.15","-","-0.25%"
"Dec 20, 2016","2,270.76","2,266.50","2,272.56","2,266.14","-","0.36%"
"Dec 19, 2016","2,262.53","2,259.24","2,267.47","2,258.21","-","0.20%"
"Dec 16, 2016","2,258.07","2,266.81","2,268.05","2,254.24","-","-0.18%"
"Dec 15, 2016","2,262.03","2,253.77","2,272.12","2,253.77","-","0.39%"
"Dec 14, 2016","2,253.28","2,268.35","2,276.20","2,248.44","-","-0.81%"
"Dec 13, 2016","2,271.72","2,263.32","2,277.53","2,263.32","-","0.65%"
"Dec 12, 2016","2,256.96","2,258.83","2,264.03","2,252.37","-","-0.11%"
"Dec 09, 2016","2,259.53","2,249.73","2,259.80","2,249.23","-","0.59%"
"Dec 08, 2016","2,246.19","2,241.13","2,251.69","2,237.57","-","0.22%"
"Dec 07, 2016","2,241.35","2,210.72","2,241.63","2,208.93","-","1.32%"
"Dec 06, 2016","2,212.23","2,207.26","2,212.78","2,202.21","-","0.34%"
"Dec 05, 2016","2,204.71","2,200.65","2,209.42","2,199.97","-","0.58%"
"Dec 02, 2016","2,191.95","2,191.12","2,197.95","2,188.37","-","0.04%"
"Dec 01, 2016","2,191.08","2,200.17","2,202.60","2,187.44","-","-0.35%"
"Nov 30, 2016","2,198.81","2,204.97","2,214.10","2,198.81","-","-0.27%"
"Nov 29, 2016","2,204.66","2,200.76","2,210.46","2,198.15","-","0.13%"
"Nov 28, 2016","2,201.72","2,210.21","2,211.14","2,200.36","-","-0.53%"
"Nov 25, 2016","2,213.35","2,206.27","2,213.35","2,206.27","-","0.39%"
"Nov 23, 2016","2,204.72","2,198.55","2,204.72","2,194.51","-","0.08%"
"Nov 22, 2016","2,202.94","2,201.56","2,204.80","2,194.51","-","0.22%"
"Nov 21, 2016","2,198.18","2,186.43","2,198.70","2,186.43","-","0.75%"
"Nov 18, 2016","2,181.90","2,186.85","2,189.89","2,180.38","-","-0.24%"
"Nov 17, 2016","2,187.12","2,178.61","2,188.06","2,176.65","-","0.47%"
"Nov 16, 2016","2,176.94","2,177.53","2,179.22","2,172.20","-","-0.16%"
"Nov 15, 2016","2,180.39","2,168.29","2,180.84","2,166.38","-","0.75%"
"Nov 14, 2016","2,164.20","2,165.64","2,171.36","2,156.08","-","-0.01%"
"Nov 11, 2016","2,164.45","2,162.71","2,165.92","2,152.49","-","-0.14%"
"Nov 10, 2016","2,167.48","2,167.49","2,182.30","2,151.17","-","0.20%"
"Nov 09, 2016","2,163.26","2,131.56","2,170.10","2,125.35","-","1.11%"
"Nov 08, 2016","2,139.56","2,129.92","2,146.87","2,123.56","-","0.38%"
"Nov 07, 2016","2,131.52","2,100.59","2,132.00","2,100.59","-","2.22%"
"Nov 04, 2016","2,085.18","2,083.79","2,099.07","2,083.79","-","-0.17%"
"Nov 03, 2016","2,088.66","2,098.80","2,102.56","2,085.23","-","-0.44%"
"Nov 02, 2016","2,097.94","2,109.43","2,111.76","2,094.00","-","-0.65%"
"Nov 01, 2016","2,111.72","2,128.68","2,131.45","2,097.85","-","-0.68%"
"Oct 31, 2016","2,126.15","2,129.78","2,133.25","2,125.53","-","-0.01%"
"Oct 28, 2016","2,126.41","2,132.23","2,140.72","2,119.36","-","-0.31%"
"Oct 27, 2016","2,133.04","2,144.06","2,147.13","2,132.52","-","-0.30%"
"Oct 26, 2016","2,139.43","2,136.97","2,145.73","2,131.59","-","-0.17%"
"Oct 25, 2016","2,143.16","2,149.72","2,151.44","2,141.93","-","-0.38%"
"Oct 24, 2016","2,151.33","2,148.50","2,154.79","2,146.91","-","0.47%"
"Oct 21, 2016","2,141.16","2,139.43","2,142.63","2,130.09","-","-0.01%"
"Oct 20, 2016","2,141.34","2,142.51","2,147.18","2,133.44","-","-0.14%"
"Oct 19, 2016","2,144.29","2,140.81","2,148.44","2,138.15","-","0.22%"
"Oct 18, 2016","2,139.60","2,138.31","2,144.38","2,135.49","-","0.62%"
"Oct 17, 2016","2,126.50","2,132.95","2,135.61","2,124.43","-","-0.30%"
"Oct 14, 2016","2,132.98","2,139.68","2,149.19","2,132.98","-","0.02%"
"Oct 13, 2016","2,132.55","2,130.26","2,138.19","2,114.72","-","-0.31%"
"Oct 12, 2016","2,139.18","2,137.67","2,145.36","2,132.77","-","0.11%"
"Oct 11, 2016","2,136.73","2,161.35","2,161.56","2,128.84","-","-1.24%"
"Oct 10, 2016","2,163.66","2,160.39","2,169.60","2,160.39","-","0.46%"
"Oct 07, 2016","2,153.74","2,164.19","2,165.86","2,144.85","-","-0.33%"
"Oct 06, 2016","2,160.77","2,158.22","2,162.93","2,150.28","-","0.05%"
"Oct 05, 2016","2,159.73","2,155.15","2,163.95","2,155.15","-","0.43%"
"Oct 04, 2016","2,150.49","2,163.37","2,165.46","2,144.01","-","-0.50%"
"Oct 03, 2016","2,161.20","2,164.33","2,164.41","2,154.77","-","-0.33%"
"Sep 30, 2016","2,168.27","2,156.51","2,175.30","2,156.51","-","0.80%"
"Sep 29, 2016","2,151.13","2,168.90","2,172.67","2,145.20","-","-0.93%"
"Sep 28, 2016","2,171.37","2,161.85","2,172.40","2,151.79","-","0.53%"
"Sep 27, 2016","2,159.93","2,146.04","2,161.13","2,141.55","-","0.64%"
"Sep 26, 2016","2,146.10","2,158.54","2,158.54","2,145.04","-","-0.86%"
"Sep 23, 2016","2,164.69","2,173.29","2,173.75","2,163.97","-","-0.57%"
"Sep 22, 2016","2,177.18","2,170.94","2,179.99","2,170.94","-","0.65%"
"Sep 21, 2016","2,163.12","2,144.58","2,165.11","2,139.57","-","1.09%"
"Sep 20, 2016","2,139.76","2,145.94","2,150.80","2,139.17","-","0.03%"
"Sep 19, 2016","2,139.12","2,143.99","2,153.61","2,135.91","-","-0.00%"
"Sep 16, 2016","2,139.16","2,146.48","2,146.48","2,131.20","-","-0.38%"
"Sep 15, 2016","2,147.26","2,125.36","2,151.31","2,122.36","-","1.01%"
"Sep 14, 2016","2,125.77","2,127.86","2,141.33","2,119.90","-","-0.06%"
"Sep 13, 2016","2,127.02","2,150.47","2,150.47","2,120.27","-","-1.48%"
"Sep 12, 2016","2,159.04","2,120.86","2,163.30","2,119.12","-","1.47%"
"Sep 09, 2016","2,127.81","2,169.08","2,169.08","2,127.81","-","-2.45%"
"Sep 08, 2016","2,181.30","2,182.76","2,184.94","2,177.49","-","-0.22%"
"Sep 07, 2016","2,186.16","2,185.17","2,187.87","2,179.07","-","-0.01%"
"Sep 06, 2016","2,186.48","2,181.61","2,186.57","2,175.10","-","0.30%"
"Sep 02, 2016","2,179.98","2,177.49","2,184.87","2,173.59","-","0.42%"
"Sep 01, 2016","2,170.86","2,171.33","2,173.56","2,157.09","-","-0.00%"
"Aug 31, 2016","2,170.95","2,173.56","2,173.79","2,161.35","-","-0.24%"
"Aug 30, 2016","2,176.12","2,179.45","2,182.27","2,170.41","-","-0.20%"
"Aug 29, 2016","2,180.38","2,170.19","2,183.48","2,170.19","-","0.52%"
"Aug 26, 2016","2,169.04","2,175.10","2,187.94","2,160.39","-","-0.16%"
"Aug 25, 2016","2,172.47","2,173.29","2,179.00","2,169.74","-","-0.14%"
"Aug 24, 2016","2,175.44","2,185.09","2,186.66","2,171.25","-","-0.52%"
"Aug 23, 2016","2,186.90","2,187.81","2,193.42","2,186.80","-","0.20%"
"Aug 22, 2016","2,182.64","2,181.58","2,185.15","2,175.96","-","-0.06%"
"Aug 19, 2016","2,183.87","2,184.24","2,185.00","2,175.13","-","-0.14%"
"Aug 18, 2016","2,187.02","2,181.90","2,187.03","2,180.46","-","0.22%"
"Aug 17, 2016","2,182.22","2,177.84","2,183.08","2,168.50","-","0.19%"
"Aug 16, 2016","2,178.15","2,186.24","2,186.24","2,178.14","-","-0.55%"
"Aug 15, 2016","2,190.15","2,186.08","2,193.81","2,186.08","-","0.28%"
"Aug 12, 2016","2,184.05","2,183.74","2,186.28","2,179.42","-","-0.08%"
"Aug 11, 2016","2,185.79","2,177.97","2,188.45","2,177.97","-","0.47%"
"Aug 10, 2016","2,175.49","2,182.81","2,183.41","2,172.00","-","-0.29%"
"Aug 09, 2016","2,181.74","2,182.24","2,187.66","2,178.61","-","0.04%"
"Aug 08, 2016","2,180.89","2,183.76","2,185.44","2,177.85","-","-0.09%"
"Aug 05, 2016","2,182.87","2,168.79","2,182.87","2,168.79","-","0.86%"
"Aug 04, 2016","2,164.25","2,163.51","2,168.19","2,159.07","-","0.02%"
"Aug 03, 2016","2,163.79","2,156.81","2,163.79","2,152.56","-","0.31%"
"Aug 02, 2016","2,157.03","2,169.94","2,170.20","2,147.58","-","-0.64%"
"Aug 01, 2016","2,170.84","2,173.15","2,178.29","2,166.21","-","-0.13%"
"Jul 29, 2016","2,173.60","2,168.83","2,177.09","2,163.49","-","0.16%"
"Jul 28, 2016","2,170.06","2,166.05","2,172.85","2,159.74","-","0.16%"
"Jul 27, 2016","2,166.58","2,169.81","2,174.98","2,159.07","-","-0.12%"
"Jul 26, 2016","2,169.18","2,168.97","2,173.54","2,160.18","-","0.03%"
"Jul 25, 2016","2,168.48","2,173.71","2,173.71","2,161.95","-","-0.30%"
"Jul 22, 2016","2,175.03","2,166.47","2,175.11","2,163.24","-","0.46%"
"Jul 21, 2016","2,165.17","2,172.91","2,174.56","2,159.75","-","-0.36%"
"Jul 20, 2016","2,173.02","2,166.10","2,175.63","2,164.89","-","0.43%"
"Jul 19, 2016","2,163.78","2,163.79","2,164.63","2,159.01","-","-0.14%"
"Jul 18, 2016","2,166.89","2,162.04","2,168.35","2,159.63","-","0.24%"
"Jul 15, 2016","2,161.74","2,165.13","2,169.05","2,155.79","-","-0.09%"
"Jul 14, 2016","2,163.75","2,157.88","2,168.99","2,157.88","-","0.53%"
"Jul 13, 2016","2,152.43","2,153.81","2,156.45","2,146.21","-","0.01%"
"Jul 12, 2016","2,152.14","2,139.50","2,155.40","2,139.50","-","0.70%"
"Jul 11, 2016","2,137.16","2,131.72","2,143.16","2,131.72","-","0.34%"
"Jul 08, 2016","2,129.90","2,106.97","2,131.71","2,106.97","-","1.53%"
"Jul 07, 2016","2,097.90","2,100.42","2,109.08","2,089.39","-","-0.09%"
"Jul 06, 2016","2,099.73","2,084.43","2,100.72","2,074.02","-","0.54%"
"Jul 05, 2016","2,088.55","2,095.05","2,095.05","2,080.86","-","-0.68%"
"Jul 01, 2016","2,102.95","2,099.34","2,108.71","2,097.90","-","0.19%"
"Jun 30, 2016","2,098.86","2,073.17","2,098.94","2,070.00","-","1.36%"
"Jun 29, 2016","2,070.77","2,042.69","2,073.13","2,042.69","-","1.70%"
"Jun 28, 2016","2,036.09","2,006.67","2,036.09","2,006.67","-","1.78%"
"Jun 27, 2016","2,000.54","2,031.45","2,031.45","1,991.68","-","-1.81%"
"Jun 24, 2016","2,037.41","2,103.81","2,103.81","2,032.57","-","-3.59%"
"Jun 23, 2016","2,113.32","2,092.80","2,113.32","2,092.80","-","1.34%"
"Jun 22, 2016","2,085.45","2,089.75","2,099.71","2,084.36","-","-0.17%"
"Jun 21, 2016","2,088.90","2,085.19","2,093.66","2,083.02","-","0.27%"
"Jun 20, 2016","2,083.25","2,075.58","2,100.66","2,075.58","-","0.58%"
"Jun 17, 2016","2,071.22","2,078.20","2,078.20","2,062.84","-","-0.33%"
"Jun 16, 2016","2,077.99","2,066.36","2,079.62","2,050.37","-","0.31%"
"Jun 15, 2016","2,071.50","2,077.60","2,085.65","2,069.80","-","-0.18%"
"Jun 14, 2016","2,075.32","2,076.65","2,081.30","2,064.10","-","-0.18%"
"Jun 13, 2016","2,079.06","2,091.75","2,098.12","2,078.46","-","-0.81%"
"Jun 10, 2016","2,096.07","2,109.57","2,109.57","2,089.96","-","-0.92%"
"Jun 09, 2016","2,115.48","2,115.65","2,117.64","2,107.73","-","-0.17%"
"Jun 08, 2016","2,119.12","2,112.71","2,120.55","2,112.71","-","0.33%"
"Jun 07, 2016","2,112.13","2,110.18","2,119.22","2,110.18","-","0.13%"
"Jun 06, 2016","2,109.41","2,100.83","2,113.36","2,100.83","-","0.49%"
"Jun 03, 2016","2,099.13","2,104.07","2,104.07","2,085.36","-","-0.29%"
"Jun 02, 2016","2,105.26","2,097.71","2,105.26","2,088.59","-","0.28%"
"Jun 01, 2016","2,099.33","2,093.94","2,100.97","2,085.10","-","0.11%"
"May 31, 2016","2,096.96","2,100.13","2,103.48","2,088.66","-","-0.10%"
"May 27, 2016","2,099.06","2,090.06","2,099.06","2,090.06","-","0.43%"
"May 26, 2016","2,090.10","2,091.44","2,094.30","2,087.08","-","-0.02%"
"May 25, 2016","2,090.54","2,078.93","2,094.73","2,078.93","-","0.70%"
"May 24, 2016","2,076.06","2,052.65","2,079.67","2,052.65","-","1.37%"
"May 23, 2016","2,048.04","2,052.23","2,055.58","2,047.26","-","-0.21%"
"May 20, 2016","2,052.32","2,041.88","2,058.35","2,041.88","-","0.60%"
"May 19, 2016","2,040.04","2,044.21","2,044.21","2,025.91","-","-0.37%"
"May 18, 2016","2,047.63","2,044.38","2,060.61","2,034.49","-","0.02%"
"May 17, 2016","2,047.21","2,065.04","2,065.69","2,040.82","-","-0.94%"
"May 16, 2016","2,066.66","2,046.53","2,071.88","2,046.53","-","0.98%"
"May 13, 2016","2,046.61","2,062.50","2,066.79","2,043.13","-","-0.85%"
"May 12, 2016","2,064.11","2,067.17","2,073.99","2,053.13","-","-0.02%"
"May 11, 2016","2,064.46","2,083.29","2,083.29","2,064.46","-","-0.96%"
"May 10, 2016","2,084.39","2,062.63","2,084.87","2,062.63","-","1.25%"
"May 09, 2016","2,058.69","2,057.55","2,064.15","2,054.31","-","0.08%"
"May 06, 2016","2,057.14","2,047.77","2,057.72","2,039.45","-","0.32%"
"May 05, 2016","2,050.63","2,052.95","2,060.23","2,045.77","-","-0.02%"
"May 04, 2016","2,051.12","2,060.30","2,060.30","2,045.55","-","-0.59%"
"May 03, 2016","2,063.37","2,077.18","2,077.18","2,054.89","-","-0.87%"
"May 02, 2016","2,081.43","2,067.17","2,083.42","2,066.11","-","0.78%"
"Apr 29, 2016","2,065.30","2,071.82","2,073.85","2,052.28","-","-0.51%"
"Apr 28, 2016","2,075.81","2,090.93","2,099.30","2,071.62","-","-0.92%"
"Apr 27, 2016","2,095.15","2,092.33","2,099.89","2,082.31","-","0.16%"
"Apr 26, 2016","2,091.70","2,089.84","2,096.87","2,085.80","-","0.19%"
"Apr 25, 2016","2,087.79","2,089.37","2,089.37","2,077.52","-","-0.18%"
"Apr 22, 2016","2,091.58","2,091.49","2,094.32","2,081.20","-","0.00%"
"Apr 21, 2016","2,091.48","2,102.09","2,103.78","2,088.52","-","-0.52%"
"Apr 20, 2016","2,102.40","2,101.52","2,111.05","2,096.32","-","0.08%"
"Apr 19, 2016","2,100.80","2,096.05","2,104.05","2,091.68","-","0.31%"
"Apr 18, 2016","2,094.34","2,078.83","2,094.66","2,073.65","-","0.65%"
"Apr 15, 2016","2,080.73","2,083.10","2,083.22","2,076.31","-","-0.10%"
"Apr 14, 2016","2,082.78","2,082.89","2,087.84","2,078.13","-","0.02%"
"Apr 13, 2016","2,082.42","2,065.92","2,083.18","2,065.92","-","1.00%"
"Apr 12, 2016","2,061.72","2,043.72","2,065.05","2,039.74","-","0.97%"
"Apr 11, 2016","2,041.99","2,050.23","2,062.93","2,041.88","-","-0.27%"
"Apr 08, 2016","2,047.60","2,045.54","2,060.63","2,041.69","-","0.28%"
"Apr 07, 2016","2,041.91","2,063.01","2,063.01","2,033.80","-","-1.20%"
"Apr 06, 2016","2,066.66","2,045.56","2,067.33","2,043.09","-","1.05%"
"Apr 05, 2016","2,045.17","2,062.50","2,062.50","2,042.56","-","-1.01%"
"Apr 04, 2016","2,066.13","2,073.19","2,074.02","2,062.57","-","-0.32%"
"Apr 01, 2016","2,072.78","2,056.62","2,075.07","2,043.98","-","0.63%"
"Mar 31, 2016","2,059.74","2,063.77","2,067.92","2,057.46","-","-0.20%"
"Mar 30, 2016","2,063.95","2,058.27","2,072.21","2,058.27","-","0.44%"
"Mar 29, 2016","2,055.01","2,035.75","2,055.91","2,028.31","-","0.88%"
"Mar 28, 2016","2,037.05","2,037.89","2,042.67","2,031.96","-","0.05%"
"Mar 24, 2016","2,035.94","2,032.48","2,036.04","2,022.49","-","-0.04%"
"Mar 23, 2016","2,036.71","2,048.55","2,048.55","2,034.86","-","-0.64%"
"Mar 22, 2016","2,049.80","2,048.64","2,056.60","2,040.57","-","-0.09%"
"Mar 21, 2016","2,051.60","2,047.88","2,053.91","2,043.14","-","0.10%"
"Mar 18, 2016","2,049.58","2,041.16","2,052.36","2,041.16","-","0.44%"
"Mar 17, 2016","2,040.59","2,026.90","2,046.24","2,022.16","-","0.66%"
"Mar 16, 2016","2,027.22","2,014.24","2,032.02","2,010.04","-","0.56%"
"Mar 15, 2016","2,015.93","2,015.27","2,015.94","2,005.23","-","-0.18%"
"Mar 14, 2016","2,019.64","2,019.27","2,024.57","2,012.05","-","-0.13%"
"Mar 11, 2016","2,022.19","1,994.71","2,022.37","1,994.71","-","1.64%"
"Mar 10, 2016","1,989.57","1,990.97","2,005.08","1,969.25","-","0.02%"
"Mar 09, 2016","1,989.26","1,981.44","1,992.69","1,979.84","-","0.51%"
"Mar 08, 2016","1,979.26","1,996.88","1,996.88","1,977.43","-","-1.12%"
"Mar 07, 2016","2,001.76","1,996.11","2,006.12","1,989.38","-","0.09%"
"Mar 04, 2016","1,999.99","1,994.01","2,009.13","1,986.77","-","0.33%"
"Mar 03, 2016","1,993.40","1,985.60","1,993.69","1,977.37","-","0.35%"
"Mar 02, 2016","1,986.45","1,976.60","1,986.51","1,968.80","-","0.41%"
"Mar 01, 2016","1,978.35","1,937.09","1,978.35","1,937.09","-","2.39%"
"Feb 29, 2016","1,932.23","1,947.13","1,958.27","1,931.81","-","-0.81%"
"Feb 26, 2016","1,948.05","1,954.95","1,962.96","1,945.78","-","-0.19%"
"Feb 25, 2016","1,951.70","1,931.87","1,951.83","1,925.41","-","1.13%"
"Feb 24, 2016","1,929.80","1,917.56","1,932.08","1,891.00","-","0.44%"
"Feb 23, 2016","1,921.27","1,942.38","1,942.38","1,919.44","-","-1.25%"
"Feb 22, 2016","1,945.50","1,924.44","1,946.70","1,924.44","-","1.45%"
"Feb 19, 2016","1,917.78","1,916.74","1,918.78","1,902.17","-","-0.00%"
"Feb 18, 2016","1,917.83","1,927.57","1,930.00","1,915.09","-","-0.47%"
"Feb 17, 2016","1,926.82","1,898.80","1,930.68","1,898.80","-","1.65%"
"Feb 16, 2016","1,895.58","1,871.44","1,895.77","1,871.44","-","1.65%"
"Feb 12, 2016","1,864.78","1,833.40","1,864.78","1,833.40","-","1.95%"
"Feb 11, 2016","1,829.08","1,847.00","1,847.00","1,810.10","-","-1.23%"
"Feb 10, 2016","1,851.86","1,857.10","1,881.60","1,850.32","-","-0.02%"
"Feb 09, 2016","1,852.21","1,848.46","1,868.25","1,834.94","-","-0.07%"
"Feb 08, 2016","1,853.44","1,873.25","1,873.25","1,828.46","-","-1.42%"
"Feb 05, 2016","1,880.05","1,913.07","1,913.07","1,872.65","-","-1.85%"
"Feb 04, 2016","1,915.45","1,911.67","1,927.35","1,900.52","-","0.15%"
"Feb 03, 2016","1,912.53","1,907.07","1,918.01","1,872.23","-","0.50%"
"Feb 02, 2016","1,903.03","1,935.26","1,935.26","1,897.29","-","-1.87%"
"Feb 01, 2016","1,939.38","1,936.94","1,947.20","1,920.30","-","-0.04%"
"Jan 29, 2016","1,940.24","1,894.00","1,940.24","1,894.00","-","2.48%"
"Jan 28, 2016","1,893.36","1,885.22","1,902.96","1,873.65","-","0.55%"
"Jan 27, 2016","1,882.95","1,902.52","1,916.99","1,872.70","-","-1.09%"
"Jan 26, 2016","1,903.63","1,878.79","1,906.73","1,878.79","-","1.41%"
"Jan 25, 2016","1,877.08","1,906.28","1,906.28","1,875.97","-","-1.56%"
"Jan 22, 2016","1,906.90","1,877.40","1,908.85","1,877.40","-","2.03%"
"Jan 21, 2016","1,868.99","1,861.46","1,889.85","1,848.98","-","0.52%"
"Jan 20, 2016","1,859.33","1,876.18","1,876.18","1,812.29","-","-1.17%"
"Jan 19, 2016","1,881.33","1,888.66","1,901.44","1,864.60","-","0.05%"
"Jan 15, 2016","1,880.33","1,916.68","1,916.68","1,857.83","-","-2.16%"
"Jan 14, 2016","1,921.84","1,891.68","1,934.47","1,878.93","-","1.67%"
"Jan 13, 2016","1,890.28","1,940.34","1,950.33","1,886.41","-","-2.50%"
"Jan 12, 2016","1,938.68","1,927.83","1,947.38","1,914.35","-","0.78%"
"Jan 11, 2016","1,923.67","1,926.12","1,935.65","1,901.10","-","0.09%"
"Jan 08, 2016","1,922.03","1,945.97","1,960.40","1,918.46","-","-1.08%"
"Jan 07, 2016","1,943.09","1,985.32","1,985.32","1,938.83","-","-2.37%"
"Jan 06, 2016","1,990.26","2,011.71","2,011.71","1,979.05","-","-1.31%"
"Jan 05, 2016","2,016.71","2,013.78","2,021.94","2,004.17","-","0.20%"
"Jan 04, 2016","2,012.66","2,038.20","2,038.20","1,989.68","-","-1.53%"
"Dec 31, 2015","2,043.94","2,060.59","2,062.54","2,043.62","-","-0.94%"
"Dec 30, 2015","2,063.36","2,077.34","2,077.34","2,061.97","-","-0.72%"
"Dec 29, 2015","2,078.36","2,060.54","2,081.56","2,060.54","-","1.06%"
"Dec 28, 2015","2,056.50","2,057.77","2,057.77","2,044.20","-","-0.22%"
"Dec 24, 2015","2,060.99","2,063.52","2,067.36","2,058.73","-","-0.16%"
"Dec 23, 2015","2,064.29","2,042.20","2,064.73","2,042.20","-","1.24%"
"Dec 22, 2015","2,038.97","2,023.15","2,042.74","2,020.49","-","0.88%"
"Dec 21, 2015","2,021.15","2,010.27","2,022.90","2,005.93","-","0.78%"
"Dec 18, 2015","2,005.55","2,040.81","2,040.81","2,005.33","-","-1.78%"
"Dec 17, 2015","2,041.89","2,073.76","2,076.37","2,041.66","-","-1.50%"
"Dec 16, 2015","2,073.07","2,046.50","2,076.72","2,042.43","-","1.45%"
"Dec 15, 2015","2,043.41","2,025.55","2,053.87","2,025.55","-","1.06%"
"Dec 14, 2015","2,021.94","2,013.37","2,022.92","1,993.26","-","0.48%"
"Dec 11, 2015","2,012.37","2,047.27","2,047.27","2,008.80","-","-1.94%"
"Dec 10, 2015","2,052.23","2,047.93","2,067.65","2,045.67","-","0.23%"
"Dec 09, 2015","2,047.62","2,061.17","2,080.33","2,036.53","-","-0.77%"
"Dec 08, 2015","2,063.59","2,073.39","2,073.85","2,052.32","-","-0.65%"
"Dec 07, 2015","2,077.07","2,090.42","2,090.42","2,066.78","-","-0.70%"
"Dec 04, 2015","2,091.69","2,051.24","2,093.84","2,051.24","-","2.05%"
"Dec 03, 2015","2,049.62","2,080.71","2,085.00","2,042.35","-","-1.44%"
"Dec 02, 2015","2,079.51","2,101.71","2,104.27","2,077.11","-","-1.10%"
"Dec 01, 2015","2,102.63","2,082.93","2,103.37","2,082.93","-","1.07%"
"Nov 30, 2015","2,080.41","2,090.95","2,093.81","2,080.41","-","-0.46%"
"Nov 27, 2015","2,090.11","2,088.82","2,093.29","2,084.13","-","0.06%"
"Nov 25, 2015","2,088.87","2,089.30","2,093.00","2,086.30","-","-0.01%"
"Nov 24, 2015","2,089.14","2,084.42","2,094.12","2,070.29","-","0.12%"
"Nov 23, 2015","2,086.59","2,089.41","2,095.61","2,081.39","-","-0.12%"
"Nov 20, 2015","2,089.17","2,082.82","2,097.06","2,082.82","-","0.38%"
"Nov 19, 2015","2,081.24","2,083.70","2,086.74","2,078.76","-","-0.11%"
"Nov 18, 2015","2,083.58","2,051.99","2,085.31","2,051.99","-","1.62%"
"Nov 17, 2015","2,050.44","2,053.67","2,066.69","2,045.90","-","-0.13%"
"Nov 16, 2015","2,053.19","2,022.08","2,053.22","2,019.39","-","1.49%"
"Nov 13, 2015","2,023.04","2,044.64","2,044.64","2,022.02","-","-1.12%"
"Nov 12, 2015","2,045.97","2,072.29","2,072.29","2,045.66","-","-1.40%"
"Nov 11, 2015","2,075.00","2,083.41","2,086.94","2,074.85","-","-0.32%"
"Nov 10, 2015","2,081.72","2,077.19","2,083.67","2,069.91","-","0.15%"
"Nov 09, 2015","2,078.58","2,096.56","2,096.56","2,068.24","-","-0.98%"
"Nov 06, 2015","2,099.20","2,098.60","2,101.91","2,083.74","-","-0.03%"
"Nov 05, 2015","2,099.93","2,101.68","2,108.78","2,090.41","-","-0.11%"
"Nov 04, 2015","2,102.31","2,110.60","2,114.59","2,096.98","-","-0.35%"
"Nov 03, 2015","2,109.79","2,102.63","2,116.48","2,097.51","-","0.27%"
"Nov 02, 2015","2,104.05","2,080.76","2,106.20","2,080.76","-","1.19%"
"Oct 30, 2015","2,079.36","2,090.00","2,094.32","2,079.34","-","-0.48%"
"Oct 29, 2015","2,089.41","2,088.35","2,092.52","2,082.63","-","-0.04%"
"Oct 28, 2015","2,090.35","2,066.48","2,090.35","2,063.11","-","1.18%"
"Oct 27, 2015","2,065.89","2,068.75","2,070.37","2,058.84","-","-0.26%"
"Oct 26, 2015","2,071.18","2,075.08","2,075.14","2,066.53","-","-0.19%"
"Oct 23, 2015","2,075.15","2,058.19","2,079.74","2,058.19","-","1.10%"
"Oct 22, 2015","2,052.51","2,021.88","2,055.20","2,021.88","-","1.66%"
"Oct 21, 2015","2,018.94","2,033.47","2,037.97","2,017.22","-","-0.58%"
"Oct 20, 2015","2,030.77","2,033.13","2,039.12","2,026.61","-","-0.14%"
"Oct 19, 2015","2,033.66","2,031.73","2,034.45","2,022.31","-","0.03%"
"Oct 16, 2015","2,033.11","2,024.37","2,033.54","2,020.46","-","0.46%"
"Oct 15, 2015","2,023.86","1,996.47","2,024.15","1,996.47","-","1.49%"
"Oct 14, 2015","1,994.24","2,003.66","2,009.56","1,990.73","-","-0.47%"
"Oct 13, 2015","2,003.69","2,015.00","2,022.34","2,001.78","-","-0.68%"
"Oct 12, 2015","2,017.46","2,015.65","2,018.66","2,010.55","-","0.13%"
"Oct 09, 2015","2,014.89","2,013.73","2,020.13","2,007.61","-","0.07%"
"Oct 08, 2015","2,013.43","1,994.01","2,016.50","1,987.53","-","0.88%"
"Oct 07, 2015","1,995.83","1,982.34","1,999.31","1,976.44","-","0.80%"
"Oct 06, 2015","1,979.92","1,986.63","1,991.62","1,971.99","-","-0.36%"
"Oct 05, 2015","1,987.05","1,954.33","1,989.17","1,954.33","-","1.83%"
"Oct 02, 2015","1,951.36","1,921.77","1,951.36","1,893.70","-","1.43%"
"Oct 01, 2015","1,923.82","1,919.65","1,927.21","1,900.70","-","0.20%"
"Sep 30, 2015","1,920.03","1,887.14","1,920.53","1,887.14","-","1.91%"
"Sep 29, 2015","1,884.09","1,881.90","1,899.48","1,871.91","-","0.12%"
"Sep 28, 2015","1,881.77","1,929.18","1,929.18","1,879.21","-","-2.57%"
"Sep 25, 2015","1,931.34","1,935.93","1,952.89","1,921.50","-","-0.05%"
"Sep 24, 2015","1,932.24","1,934.81","1,937.17","1,908.92","-","-0.34%"
"Sep 23, 2015","1,938.76","1,943.24","1,949.52","1,932.57","-","-0.20%"
"Sep 22, 2015","1,942.74","1,961.39","1,961.39","1,929.22","-","-1.23%"
"Sep 21, 2015","1,966.97","1,960.84","1,979.64","1,955.80","-","0.46%"
"Sep 18, 2015","1,958.03","1,989.66","1,989.66","1,953.45","-","-1.62%"
"Sep 17, 2015","1,990.20","1,995.33","2,020.86","1,986.73","-","-0.26%"
"Sep 16, 2015","1,995.31","1,978.02","1,997.26","1,977.93","-","0.87%"
"Sep 15, 2015","1,978.09","1,955.10","1,983.19","1,954.30","-","1.28%"
"Sep 14, 2015","1,953.03","1,963.06","1,963.06","1,948.27","-","-0.41%"
"Sep 11, 2015","1,961.05","1,951.45","1,961.05","1,939.19","-","0.45%"
"Sep 10, 2015","1,952.29","1,941.59","1,965.29","1,937.19","-","0.53%"
"Sep 09, 2015","1,942.04","1,971.45","1,988.63","1,937.88","-","-1.39%"
"Sep 08, 2015","1,969.41","1,927.30","1,970.42","1,927.30","-","2.51%"
"Sep 04, 2015","1,921.22","1,947.76","1,947.76","1,911.21","-","-1.53%"
"Sep 03, 2015","1,951.13","1,950.79","1,975.01","1,944.72","-","0.12%"
"Sep 02, 2015","1,948.86","1,916.52","1,948.91","1,916.52","-","1.83%"
"Sep 01, 2015","1,913.85","1,970.09","1,970.09","1,903.07","-","-2.96%"
"Aug 31, 2015","1,972.18","1,986.73","1,986.73","1,965.98","-","-0.84%"
"Aug 28, 2015","1,988.87","1,986.06","1,993.48","1,975.19","-","0.06%"
"Aug 27, 2015","1,987.66","1,942.77","1,989.60","1,942.77","-","2.43%"
"Aug 26, 2015","1,940.51","1,872.75","1,943.09","1,872.75","-","3.90%"
"Aug 25, 2015","1,867.61","1,898.08","1,948.04","1,867.08","-","-1.35%"
"Aug 24, 2015","1,893.21","1,965.15","1,965.15","1,867.01","-","-3.94%"
"Aug 21, 2015","1,970.89","2,034.08","2,034.08","1,970.89","-","-3.19%"
"Aug 20, 2015","2,035.73","2,076.61","2,076.61","2,035.73","-","-2.11%"
"Aug 19, 2015","2,079.61","2,095.69","2,096.17","2,070.53","-","-0.83%"
"Aug 18, 2015","2,096.92","2,101.99","2,103.47","2,094.14","-","-0.26%"
"Aug 17, 2015","2,102.44","2,089.70","2,102.87","2,079.30","-","0.52%"
"Aug 14, 2015","2,091.54","2,083.15","2,092.45","2,080.61","-","0.39%"
"Aug 13, 2015","2,083.39","2,086.19","2,092.93","2,078.26","-","-0.13%"
"Aug 12, 2015","2,086.05","2,081.10","2,089.06","2,052.09","-","0.10%"
"Aug 11, 2015","2,084.07","2,102.66","2,102.66","2,076.49","-","-0.96%"
"Aug 10, 2015","2,104.18","2,080.98","2,105.35","2,080.98","-","1.28%"
"Aug 07, 2015","2,077.57","2,082.61","2,082.61","2,067.91","-","-0.29%"
"Aug 06, 2015","2,083.56","2,100.75","2,103.32","2,075.53","-","-0.78%"
"Aug 05, 2015","2,099.84","2,095.27","2,112.66","2,095.27","-","0.31%"
"Aug 04, 2015","2,093.32","2,097.68","2,102.51","2,088.60","-","-0.22%"
"Aug 03, 2015","2,098.04","2,104.49","2,105.70","2,087.31","-","-0.28%"
"Jul 31, 2015","2,103.84","2,111.60","2,114.24","2,102.07","-","-0.23%"
"Jul 30, 2015","2,108.63","2,106.78","2,110.48","2,094.97","-","0.00%"
"Jul 29, 2015","2,108.57","2,094.70","2,110.60","2,094.08","-","0.73%"
"Jul 28, 2015","2,093.25","2,070.75","2,095.60","2,069.09","-","1.24%"
"Jul 27, 2015","2,067.64","2,078.19","2,078.19","2,063.52","-","-0.58%"
"Jul 24, 2015","2,079.65","2,102.24","2,106.01","2,077.09","-","-1.07%"
"Jul 23, 2015","2,102.15","2,114.16","2,116.87","2,098.63","-","-0.57%"
"Jul 22, 2015","2,114.15","2,118.21","2,118.51","2,110.00","-","-0.24%"
"Jul 21, 2015","2,119.21","2,127.55","2,128.49","2,115.40","-","-0.43%"
"Jul 20, 2015","2,128.28","2,126.85","2,132.82","2,123.65","-","0.08%"
"Jul 17, 2015","2,126.64","2,126.80","2,128.91","2,119.88","-","0.11%"
"Jul 16, 2015","2,124.29","2,110.55","2,124.42","2,110.55","-","0.80%"
"Jul 15, 2015","2,107.40","2,109.01","2,114.14","2,102.49","-","-0.07%"
"Jul 14, 2015","2,108.95","2,099.72","2,111.98","2,098.18","-","0.45%"
"Jul 13, 2015","2,099.60","2,080.03","2,100.67","2,080.03","-","1.11%"
"Jul 10, 2015","2,076.62","2,052.74","2,081.31","2,052.74","-","1.23%"
"Jul 09, 2015","2,051.31","2,049.73","2,074.28","2,049.73","-","0.23%"
"Jul 08, 2015","2,046.68","2,077.66","2,077.66","2,044.66","-","-1.67%"
"Jul 07, 2015","2,081.34","2,069.52","2,083.74","2,044.02","-","0.61%"
"Jul 06, 2015","2,068.76","2,073.95","2,078.61","2,058.40","-","-0.39%"
"Jul 02, 2015","2,076.78","2,078.03","2,085.06","2,071.02","-","-0.03%"
"Jul 01, 2015","2,077.42","2,067.00","2,082.78","2,067.00","-","0.69%"
"Jun 30, 2015","2,063.11","2,061.19","2,074.28","2,056.32","-","0.27%"
"Jun 29, 2015","2,057.64","2,098.63","2,098.63","2,056.64","-","-2.09%"
"Jun 26, 2015","2,101.49","2,102.62","2,108.92","2,095.38","-","-0.04%"
"Jun 25, 2015","2,102.31","2,109.96","2,116.04","2,101.78","-","-0.30%"
"Jun 24, 2015","2,108.58","2,123.65","2,125.10","2,108.58","-","-0.74%"
"Jun 23, 2015","2,124.20","2,123.16","2,128.03","2,119.89","-","0.06%"
"Jun 22, 2015","2,122.85","2,112.50","2,129.87","2,112.50","-","0.61%"
"Jun 19, 2015","2,109.99","2,121.06","2,121.64","2,109.45","-","-0.53%"
"Jun 18, 2015","2,121.24","2,101.58","2,126.65","2,101.58","-","0.99%"
"Jun 17, 2015","2,100.44","2,097.40","2,106.79","2,088.86","-","0.20%"
"Jun 16, 2015","2,096.29","2,084.26","2,097.40","2,082.10","-","0.57%"
"Jun 15, 2015","2,084.43","2,091.34","2,091.34","2,072.49","-","-0.46%"
"Jun 12, 2015","2,094.11","2,107.43","2,107.43","2,091.33","-","-0.70%"
"Jun 11, 2015","2,108.86","2,106.24","2,115.02","2,106.24","-","0.17%"
"Jun 10, 2015","2,105.20","2,081.12","2,108.50","2,081.12","-","1.20%"
"Jun 09, 2015","2,080.15","2,079.07","2,085.62","2,072.14","-","0.04%"
"Jun 08, 2015","2,079.28","2,092.34","2,093.01","2,079.11","-","-0.65%"
"Jun 05, 2015","2,092.83","2,095.09","2,100.99","2,085.67","-","-0.14%"
"Jun 04, 2015","2,095.84","2,112.35","2,112.89","2,093.23","-","-0.86%"
"Jun 03, 2015","2,114.07","2,110.64","2,121.92","2,109.61","-","0.21%"
"Jun 02, 2015","2,109.60","2,110.41","2,117.59","2,099.14","-","-0.10%"
"Jun 01, 2015","2,111.73","2,108.64","2,119.15","2,102.54","-","0.21%"
"May 29, 2015","2,107.39","2,120.66","2,120.66","2,104.89","-","-0.63%"
"May 28, 2015","2,120.79","2,122.27","2,122.27","2,112.86","-","-0.13%"
"May 27, 2015","2,123.48","2,105.13","2,126.22","2,105.13","-","0.92%"
"May 26, 2015","2,104.20","2,125.34","2,125.34","2,099.18","-","-1.03%"
"May 22, 2015","2,126.06","2,130.36","2,132.15","2,126.06","-","-0.22%"
"May 21, 2015","2,130.82","2,125.55","2,134.28","2,122.95","-","0.23%"
"May 20, 2015","2,125.85","2,127.79","2,134.72","2,122.59","-","-0.09%"
"May 19, 2015","2,127.83","2,129.45","2,133.02","2,124.50","-","-0.06%"
"May 18, 2015","2,129.20","2,121.30","2,131.78","2,120.01","-","0.30%"
"May 15, 2015","2,122.73","2,122.07","2,123.89","2,116.79","-","0.08%"
"May 14, 2015","2,121.10","2,100.43","2,121.45","2,100.43","-","1.08%"
"May 13, 2015","2,098.48","2,099.62","2,110.19","2,096.04","-","-0.03%"
"May 12, 2015","2,099.12","2,102.87","2,105.06","2,085.57","-","-0.29%"
"May 11, 2015","2,105.33","2,115.56","2,117.69","2,104.58","-","-0.51%"
"May 08, 2015","2,116.10","2,092.13","2,117.66","2,092.13","-","1.35%"
"May 07, 2015","2,088.00","2,079.96","2,092.90","2,074.99","-","0.38%"
"May 06, 2015","2,080.15","2,091.26","2,098.42","2,067.93","-","-0.45%"
"May 05, 2015","2,089.46","2,112.63","2,115.24","2,088.46","-","-1.18%"
"May 04, 2015","2,114.49","2,110.23","2,120.95","2,110.23","-","0.29%"
"May 01, 2015","2,108.29","2,087.38","2,108.41","2,087.38","-","1.09%"
"Apr 30, 2015","2,085.51","2,105.52","2,105.52","2,077.59","-","-1.01%"
"Apr 29, 2015","2,106.85","2,112.49","2,113.65","2,097.41","-","-0.37%"
"Apr 28, 2015","2,114.76","2,108.35","2,116.09","2,094.89","-","0.28%"
"Apr 27, 2015","2,108.92","2,119.29","2,125.92","2,107.04","-","-0.41%"
"Apr 24, 2015","2,117.69","2,112.80","2,120.92","2,112.80","-","0.23%"
"Apr 23, 2015","2,112.93","2,107.21","2,120.49","2,103.19","-","0.24%"
"Apr 22, 2015","2,107.96","2,098.27","2,109.98","2,091.05","-","0.51%"
"Apr 21, 2015","2,097.29","2,102.82","2,109.64","2,094.38","-","-0.15%"
"Apr 20, 2015","2,100.40","2,084.11","2,103.94","2,084.11","-","0.92%"
"Apr 17, 2015","2,081.18","2,102.58","2,102.58","2,072.37","-","-1.13%"
"Apr 16, 2015","2,104.99","2,105.96","2,111.30","2,100.02","-","-0.08%"
"Apr 15, 2015","2,106.63","2,097.82","2,111.91","2,097.82","-","0.51%"
"Apr 14, 2015","2,095.84","2,092.28","2,098.62","2,083.24","-","0.16%"
"Apr 13, 2015","2,092.43","2,102.03","2,107.65","2,092.33","-","-0.46%"
"Apr 10, 2015","2,102.06","2,091.51","2,102.61","2,091.51","-","0.52%"
"Apr 09, 2015","2,091.18","2,081.29","2,093.31","2,074.29","-","0.45%"
"Apr 08, 2015","2,081.90","2,076.94","2,086.69","2,073.30","-","0.27%"
"Apr 07, 2015","2,076.33","2,080.79","2,089.81","2,076.10","-","-0.21%"
"Apr 06, 2015","2,080.62","2,064.87","2,086.99","2,056.52","-","0.66%"
"Apr 02, 2015","2,066.96","2,060.03","2,072.17","2,057.32","-","0.35%"
"Apr 01, 2015","2,059.69","2,067.63","2,067.63","2,048.38","-","-0.40%"
"Mar 31, 2015","2,067.89","2,084.05","2,084.05","2,067.04","-","-0.88%"
"Mar 30, 2015","2,086.24","2,064.11","2,088.97","2,064.11","-","1.22%"
"Mar 27, 2015","2,061.02","2,055.78","2,062.83","2,052.96","-","0.24%"
"Mar 26, 2015","2,056.15","2,059.94","2,067.15","2,045.50","-","-0.24%"
"Mar 25, 2015","2,061.05","2,093.10","2,097.43","2,061.05","-","-1.46%"
"Mar 24, 2015","2,091.50","2,103.94","2,107.63","2,091.50","-","-0.61%"
"Mar 23, 2015","2,104.42","2,107.99","2,114.86","2,104.42","-","-0.17%"
"Mar 20, 2015","2,108.10","2,090.32","2,113.92","2,090.32","-","0.90%"
"Mar 19, 2015","2,089.27","2,098.69","2,098.69","2,085.56","-","-0.49%"
"Mar 18, 2015","2,099.50","2,072.84","2,106.85","2,061.23","-","1.22%"
"Mar 17, 2015","2,074.28","2,080.59","2,080.59","2,065.08","-","-0.33%"
"Mar 16, 2015","2,081.19","2,055.35","2,081.41","2,055.35","-","1.35%"
"Mar 13, 2015","2,053.40","2,064.56","2,064.56","2,041.17","-","-0.61%"
"Mar 12, 2015","2,065.95","2,041.10","2,066.41","2,041.10","-","1.26%"
"Mar 11, 2015","2,040.24","2,044.69","2,050.08","2,039.69","-","-0.19%"
"Mar 10, 2015","2,044.16","2,076.14","2,076.14","2,044.16","-","-1.70%"
"Mar 09, 2015","2,079.43","2,072.25","2,083.49","2,072.21","-","0.39%"
"Mar 06, 2015","2,071.26","2,100.91","2,100.91","2,067.27","-","-1.42%"
"Mar 05, 2015","2,101.04","2,098.54","2,104.25","2,095.22","-","0.12%"
"Mar 04, 2015","2,098.53","2,107.72","2,107.72","2,087.62","-","-0.44%"
"Mar 03, 2015","2,107.78","2,115.76","2,115.76","2,098.26","-","-0.45%"
"Mar 02, 2015","2,117.39","2,105.23","2,117.52","2,104.50","-","0.61%"
"Feb 27, 2015","2,104.50","2,110.88","2,112.74","2,103.75","-","-0.30%"
"Feb 26, 2015","2,110.74","2,113.91","2,113.91","2,103.76","-","-0.15%"
"Feb 25, 2015","2,113.86","2,115.30","2,119.59","2,109.89","-","-0.08%"
"Feb 24, 2015","2,115.48","2,109.10","2,117.94","2,105.87","-","0.28%"
"Feb 23, 2015","2,109.66","2,109.83","2,110.05","2,103.00","-","-0.03%"
"Feb 20, 2015","2,110.30","2,097.65","2,110.61","2,085.44","-","0.61%"
"Feb 19, 2015","2,097.45","2,099.25","2,102.13","2,090.79","-","-0.11%"
"Feb 18, 2015","2,099.68","2,099.16","2,100.23","2,092.15","-","-0.03%"
"Feb 17, 2015","2,100.34","2,096.47","2,101.30","2,089.80","-","0.16%"
"Feb 13, 2015","2,096.99","2,088.78","2,097.03","2,086.70","-","0.41%"
"Feb 12, 2015","2,088.48","2,069.98","2,088.53","2,069.98","-","0.96%"
"Feb 11, 2015","2,068.53","2,068.55","2,073.48","2,057.99","-","-0.00%"
"Feb 10, 2015","2,068.59","2,049.38","2,070.86","2,048.62","-","1.07%"
"Feb 09, 2015","2,046.74","2,053.47","2,056.16","2,041.88","-","-0.42%"
"Feb 06, 2015","2,055.47","2,062.28","2,072.40","2,049.97","-","-0.34%"
"Feb 05, 2015","2,062.52","2,043.45","2,063.55","2,043.45","-","1.03%"
"Feb 04, 2015","2,041.51","2,048.86","2,054.74","2,036.72","-","-0.42%"
"Feb 03, 2015","2,050.03","2,022.71","2,050.30","2,022.71","-","1.44%"
"Feb 02, 2015","2,020.85","1,996.67","2,021.66","1,980.90","-","1.30%"
"Jan 30, 2015","1,994.99","2,019.35","2,023.32","1,993.38","-","-1.30%"
"Jan 29, 2015","2,021.25","2,002.45","2,024.64","1,989.18","-","0.95%"
"Jan 28, 2015","2,002.16","2,032.34","2,042.49","2,001.49","-","-1.35%"
"Jan 27, 2015","2,029.55","2,047.86","2,047.86","2,019.91","-","-1.34%"
"Jan 26, 2015","2,057.09","2,050.42","2,057.62","2,040.97","-","0.26%"
"Jan 23, 2015","2,051.82","2,062.98","2,062.98","2,050.54","-","-0.55%"
"Jan 22, 2015","2,063.15","2,034.30","2,064.62","2,026.38","-","1.53%"
"Jan 21, 2015","2,032.12","2,020.19","2,038.29","2,012.04","-","0.47%"
"Jan 20, 2015","2,022.55","2,020.76","2,028.94","2,004.49","-","0.15%"
"Jan 16, 2015","2,019.42","1,992.25","2,020.46","1,988.12","-","1.34%"
"Jan 15, 2015","1,992.67","2,013.75","2,021.35","1,991.47","-","-0.92%"
"Jan 14, 2015","2,011.27","2,018.40","2,018.40","1,988.44","-","-0.58%"
"Jan 13, 2015","2,023.03","2,031.58","2,056.93","2,008.25","-","-0.26%"
"Jan 12, 2015","2,028.26","2,046.13","2,049.30","2,022.58","-","-0.81%"
"Jan 09, 2015","2,044.81","2,063.45","2,064.43","2,038.33","-","-0.84%"
"Jan 08, 2015","2,062.14","2,030.61","2,064.08","2,030.61","-","1.79%"
"Jan 07, 2015","2,025.90","2,005.55","2,029.61","2,005.55","-","1.16%"
"Jan 06, 2015","2,002.61","2,022.15","2,030.25","1,992.44","-","-0.89%"
"Jan 05, 2015","2,020.58","2,054.44","2,054.44","2,017.34","-","-1.83%"
"Jan 02, 2015","2,058.20","2,058.90","2,072.36","2,046.04","-","-0.03%"
"Dec 31, 2014","2,058.90","2,082.11","2,085.58","2,057.94","-","-1.03%"
"Dec 30, 2014","2,080.35","2,088.49","2,088.49","2,079.53","-","-0.49%"
"Dec 29, 2014","2,090.57","2,087.63","2,093.55","2,085.75","-","0.09%"
"Dec 26, 2014","2,088.77","2,084.30","2,092.70","2,084.30","-","0.33%"
"Dec 24, 2014","2,081.88","2,083.25","2,087.56","2,081.86","-","-0.01%"
"Dec 23, 2014","2,082.17","2,081.48","2,086.73","2,079.77","-","0.17%"
"Dec 22, 2014","2,078.54","2,069.28","2,078.76","2,069.28","-","0.38%"
"Dec 19, 2014","2,070.65","2,061.04","2,077.85","2,061.03","-","0.46%"
"Dec 18, 2014","2,061.23","2,018.98","2,061.23","2,018.98","-","2.40%"
"Dec 17, 2014","2,012.89","1,973.77","2,016.75","1,973.77","-","2.04%"
"Dec 16, 2014","1,972.74","1,986.71","2,016.89","1,972.56","-","-0.85%"
"Dec 15, 2014","1,989.63","2,005.03","2,018.69","1,982.26","-","-0.63%"
"Dec 12, 2014","2,002.33","2,030.36","2,032.25","2,002.33","-","-1.62%"
"Dec 11, 2014","2,035.33","2,027.92","2,055.53","2,027.92","-","0.45%"
"Dec 10, 2014","2,026.14","2,058.86","2,058.86","2,024.26","-","-1.64%"
"Dec 09, 2014","2,059.82","2,056.55","2,060.60","2,034.17","-","-0.02%"
"Dec 08, 2014","2,060.31","2,074.84","2,075.78","2,054.27","-","-0.73%"
"Dec 05, 2014","2,075.37","2,072.78","2,079.47","2,070.81","-","0.17%"
"Dec 04, 2014","2,071.92","2,073.64","2,077.34","2,062.34","-","-0.12%"
"Dec 03, 2014","2,074.33","2,067.45","2,076.28","2,066.65","-","0.38%"
"Dec 02, 2014","2,066.55","2,053.77","2,068.77","2,053.77","-","0.64%"
"Dec 01, 2014","2,053.44","2,065.78","2,065.78","2,049.57","-","-0.68%"
"Nov 28, 2014","2,067.56","2,074.78","2,075.76","2,065.06","-","-0.25%"
"Nov 26, 2014","2,072.83","2,067.36","2,073.29","2,066.62","-","0.28%"
"Nov 25, 2014","2,067.03","2,070.15","2,074.21","2,064.75","-","-0.12%"
"Nov 24, 2014","2,069.41","2,065.07","2,070.17","2,065.07","-","0.29%"
"Nov 21, 2014","2,063.50","2,057.46","2,071.46","2,056.75","-","0.52%"
"Nov 20, 2014","2,052.75","2,045.87","2,053.84","2,040.49","-","0.20%"
"Nov 19, 2014","2,048.72","2,051.16","2,052.14","2,040.37","-","-0.15%"
"Nov 18, 2014","2,051.80","2,041.48","2,056.08","2,041.48","-","0.51%"
"Nov 17, 2014","2,041.32","2,038.29","2,043.07","2,034.46","-","0.07%"
"Nov 14, 2014","2,039.82","2,039.74","2,042.22","2,035.20","-","0.02%"
"Nov 13, 2014","2,039.33","2,039.21","2,046.18","2,030.44","-","0.05%"
"Nov 12, 2014","2,038.25","2,037.75","2,040.33","2,031.95","-","-0.07%"
"Nov 11, 2014","2,039.68","2,038.20","2,041.28","2,035.28","-","0.07%"
"Nov 10, 2014","2,038.26","2,032.01","2,038.70","2,030.17","-","0.31%"
"Nov 07, 2014","2,031.92","2,032.36","2,034.26","2,025.07","-","0.03%"
"Nov 06, 2014","2,031.21","2,023.33","2,031.61","2,015.86","-","0.38%"
"Nov 05, 2014","2,023.57","2,015.29","2,023.77","2,014.42","-","0.57%"
"Nov 04, 2014","2,012.10","2,015.81","2,015.98","2,001.01","-","-0.28%"
"Nov 03, 2014","2,017.81","2,018.21","2,024.46","2,013.68","-","-0.01%"
"Oct 31, 2014","2,018.05","2,001.20","2,018.19","2,001.20","-","1.17%"
"Oct 30, 2014","1,994.65","1,979.49","1,999.40","1,974.75","-","0.62%"
"Oct 29, 2014","1,982.30","1,983.29","1,991.40","1,969.04","-","-0.14%"
"Oct 28, 2014","1,985.05","1,964.14","1,985.05","1,964.14","-","1.19%"
"Oct 27, 2014","1,961.63","1,962.97","1,964.64","1,951.37","-","-0.15%"
"Oct 24, 2014","1,964.58","1,951.59","1,965.27","1,946.27","-","0.71%"
"Oct 23, 2014","1,950.82","1,931.02","1,961.95","1,931.02","-","1.23%"
"Oct 22, 2014","1,927.11","1,941.29","1,949.31","1,926.83","-","-0.73%"
"Oct 21, 2014","1,941.28","1,909.38","1,942.45","1,909.38","-","1.96%"
"Oct 20, 2014","1,904.01","1,885.62","1,905.03","1,882.30","-","0.91%"
"Oct 17, 2014","1,886.76","1,864.91","1,898.16","1,864.91","-","1.29%"
"Oct 16, 2014","1,862.76","1,855.95","1,876.01","1,835.02","-","0.01%"
"Oct 15, 2014","1,862.49","1,874.18","1,874.18","1,820.66","-","-0.81%"
"Oct 14, 2014","1,877.70","1,877.11","1,898.71","1,871.79","-","0.16%"
"Oct 13, 2014","1,874.74","1,905.65","1,912.09","1,874.14","-","-1.65%"
"Oct 10, 2014","1,906.13","1,925.63","1,936.98","1,906.05","-","-1.15%"
"Oct 09, 2014","1,928.21","1,967.68","1,967.68","1,927.56","-","-2.07%"
"Oct 08, 2014","1,968.89","1,935.55","1,970.36","1,925.25","-","1.75%"
"Oct 07, 2014","1,935.10","1,962.36","1,962.36","1,934.87","-","-1.51%"
"Oct 06, 2014","1,964.82","1,970.01","1,977.84","1,958.43","-","-0.16%"
"Oct 03, 2014","1,967.90","1,948.12","1,971.19","1,948.12","-","1.12%"
"Oct 02, 2014","1,946.17","1,945.83","1,952.32","1,926.03","-","0.00%"
"Oct 01, 2014","1,946.16","1,971.44","1,971.44","1,941.72","-","-1.32%"
"Sep 30, 2014","1,972.29","1,978.21","1,985.17","1,968.96","-","-0.28%"
"Sep 29, 2014","1,977.80","1,978.96","1,981.28","1,964.04","-","-0.25%"
"Sep 26, 2014","1,982.85","1,966.22","1,986.37","1,966.22","-","0.86%"
"Sep 25, 2014","1,965.99","1,997.32","1,997.32","1,965.99","-","-1.62%"
"Sep 24, 2014","1,998.30","1,983.34","1,999.79","1,978.63","-","0.78%"
"Sep 23, 2014","1,982.77","1,992.78","1,995.41","1,982.77","-","-0.58%"
"Sep 22, 2014","1,994.29","2,009.08","2,009.08","1,991.01","-","-0.80%"
"Sep 19, 2014","2,010.40","2,012.74","2,019.26","2,006.59","-","-0.05%"
"Sep 18, 2014","2,011.36","2,003.07","2,012.34","2,003.07","-","0.49%"
"Sep 17, 2014","2,001.57","1,999.30","2,010.74","1,993.29","-","0.13%"
"Sep 16, 2014","1,998.98","1,981.93","2,002.28","1,979.06","-","0.75%"
"Sep 15, 2014","1,984.13","1,986.04","1,987.18","1,978.48","-","-0.07%"
"Sep 12, 2014","1,985.54","1,996.74","1,996.74","1,980.26","-","-0.60%"
"Sep 11, 2014","1,997.45","1,992.85","1,997.65","1,985.93","-","0.09%"
"Sep 10, 2014","1,995.69","1,988.41","1,996.66","1,982.99","-","0.36%"
"Sep 09, 2014","1,988.44","2,000.73","2,001.01","1,984.61","-","-0.65%"
"Sep 08, 2014","2,001.54","2,007.17","2,007.17","1,995.60","-","-0.31%"
"Sep 05, 2014","2,007.71","1,998.00","2,007.71","1,990.10","-","0.50%"
"Sep 04, 2014","1,997.65","2,001.67","2,011.17","1,992.54","-","-0.15%"
"Sep 03, 2014","2,000.72","2,003.57","2,009.28","1,998.14","-","-0.08%"
"Sep 02, 2014","2,002.28","2,004.07","2,006.12","1,994.85","-","-0.05%"
"Aug 29, 2014","2,003.37","1,998.45","2,003.38","1,994.65","-","0.33%"
"Aug 28, 2014","1,996.74","1,997.42","1,998.55","1,990.52","-","-0.17%"
"Aug 27, 2014","2,000.12","2,000.54","2,002.14","1,996.20","-","0.00%"
"Aug 26, 2014","2,000.02","1,998.59","2,005.04","1,998.59","-","0.11%"
"Aug 25, 2014","1,997.92","1,991.74","2,001.95","1,991.74","-","0.48%"
"Aug 22, 2014","1,988.40","1,992.60","1,993.54","1,984.76","-","-0.20%"
"Aug 21, 2014","1,992.37","1,986.82","1,994.76","1,986.82","-","0.29%"
"Aug 20, 2014","1,986.51","1,980.46","1,988.57","1,977.68","-","0.25%"
"Aug 19, 2014","1,981.60","1,972.73","1,982.57","1,972.73","-","0.50%"
"Aug 18, 2014","1,971.74","1,958.36","1,971.99","1,958.36","-","0.85%"
"Aug 15, 2014","1,955.06","1,958.87","1,964.04","1,941.50","-","-0.01%"
"Aug 14, 2014","1,955.18","1,947.41","1,955.23","1,947.41","-","0.43%"
"Aug 13, 2014","1,946.72","1,935.60","1,948.41","1,935.60","-","0.67%"
"Aug 12, 2014","1,933.75","1,935.73","1,939.65","1,928.29","-","-0.16%"
"Aug 11, 2014","1,936.92","1,933.43","1,944.90","1,933.43","-","0.28%"
"Aug 08, 2014","1,931.59","1,910.35","1,932.38","1,909.01","-","1.15%"
"Aug 07, 2014","1,909.57","1,923.03","1,928.89","1,904.78","-","-0.56%"
"Aug 06, 2014","1,920.24","1,917.29","1,927.91","1,911.45","-","0.00%"
"Aug 05, 2014","1,920.21","1,936.34","1,936.34","1,913.77","-","-0.97%"
"Aug 04, 2014","1,938.99","1,926.62","1,942.92","1,921.20","-","0.72%"
"Aug 01, 2014","1,925.15","1,929.80","1,937.35","1,916.37","-","-0.29%"
"Jul 31, 2014","1,930.67","1,965.14","1,965.14","1,930.67","-","-2.00%"
"Jul 30, 2014","1,970.07","1,973.21","1,978.90","1,962.42","-","0.01%"
"Jul 29, 2014","1,969.95","1,980.03","1,984.85","1,969.95","-","-0.45%"
"Jul 28, 2014","1,978.91","1,978.25","1,981.52","1,967.31","-","0.03%"
"Jul 25, 2014","1,978.34","1,984.60","1,984.60","1,974.37","-","-0.48%"
"Jul 24, 2014","1,987.98","1,988.07","1,991.39","1,985.79","-","0.05%"
"Jul 23, 2014","1,987.01","1,985.32","1,989.23","1,982.44","-","0.18%"
"Jul 22, 2014","1,983.53","1,975.65","1,986.24","1,975.65","-","0.50%"
"Jul 21, 2014","1,973.63","1,976.93","1,976.93","1,965.77","-","-0.23%"
"Jul 18, 2014","1,978.22","1,961.54","1,979.91","1,960.82","-","1.03%"
"Jul 17, 2014","1,958.12","1,979.75","1,981.80","1,955.59","-","-1.18%"
"Jul 16, 2014","1,981.57","1,976.35","1,983.94","1,975.67","-","0.42%"
"Jul 15, 2014","1,973.28","1,977.36","1,982.52","1,965.34","-","-0.19%"
"Jul 14, 2014","1,977.10","1,969.86","1,979.85","1,969.86","-","0.48%"
"Jul 11, 2014","1,967.57","1,965.76","1,968.67","1,959.63","-","0.15%"
"Jul 10, 2014","1,964.68","1,966.67","1,969.84","1,952.86","-","-0.41%"
"Jul 09, 2014","1,972.83","1,965.10","1,974.15","1,965.10","-","0.46%"
"Jul 08, 2014","1,963.71","1,976.39","1,976.39","1,959.46","-","-0.70%"
"Jul 07, 2014","1,977.65","1,984.22","1,984.22","1,974.88","-","-0.39%"
"Jul 03, 2014","1,985.44","1,975.88","1,985.59","1,975.88","-","0.55%"
"Jul 02, 2014","1,974.62","1,973.06","1,976.67","1,972.58","-","0.07%"
"Jul 01, 2014","1,973.32","1,962.29","1,978.58","1,962.29","-","0.67%"
"Jun 30, 2014","1,960.23","1,960.79","1,964.24","1,958.22","-","-0.04%"
"Jun 27, 2014","1,960.96","1,956.56","1,961.47","1,952.18","-","0.19%"
"Jun 26, 2014","1,957.22","1,959.89","1,959.89","1,944.69","-","-0.12%"
"Jun 25, 2014","1,959.53","1,949.27","1,960.83","1,947.49","-","0.49%"
"Jun 24, 2014","1,949.98","1,961.97","1,968.17","1,948.34","-","-0.64%"
"Jun 23, 2014","1,962.61","1,962.92","1,963.74","1,958.89","-","-0.01%"
"Jun 20, 2014","1,962.87","1,960.45","1,963.91","1,959.17","-","0.17%"
"Jun 19, 2014","1,959.48","1,957.50","1,959.87","1,952.26","-","0.13%"
"Jun 18, 2014","1,956.98","1,942.73","1,957.74","1,939.29","-","0.77%"
"Jun 17, 2014","1,941.99","1,937.15","1,943.69","1,933.55","-","0.22%"
"Jun 16, 2014","1,937.78","1,934.84","1,941.15","1,930.91","-","0.08%"
"Jun 13, 2014","1,936.16","1,930.80","1,937.30","1,927.69","-","0.31%"
"Jun 12, 2014","1,930.11","1,943.35","1,943.35","1,925.78","-","-0.71%"
"Jun 11, 2014","1,943.89","1,949.37","1,949.37","1,940.08","-","-0.35%"
"Jun 10, 2014","1,950.79","1,950.34","1,950.86","1,944.64","-","-0.02%"
"Jun 09, 2014","1,951.27","1,948.97","1,955.55","1,947.16","-","0.09%"
"Jun 06, 2014","1,949.44","1,942.41","1,949.44","1,942.41","-","0.46%"
"Jun 05, 2014","1,940.46","1,928.52","1,941.74","1,922.93","-","0.65%"
"Jun 04, 2014","1,927.88","1,923.06","1,928.63","1,918.60","-","0.19%"
"Jun 03, 2014","1,924.24","1,923.07","1,925.07","1,918.79","-","-0.04%"
"Jun 02, 2014","1,924.97","1,923.87","1,925.88","1,915.98","-","0.07%"
"May 30, 2014","1,923.57","1,920.33","1,924.03","1,916.64","-","0.18%"
"May 29, 2014","1,920.03","1,910.60","1,920.03","1,909.82","-","0.54%"
"May 28, 2014","1,909.78","1,911.77","1,914.46","1,907.30","-","-0.11%"
"May 27, 2014","1,911.91","1,902.01","1,912.28","1,902.01","-","0.60%"
"May 23, 2014","1,900.53","1,893.32","1,901.26","1,893.32","-","0.42%"
"May 22, 2014","1,892.49","1,888.19","1,896.33","1,885.39","-","0.24%"
"May 21, 2014","1,888.03","1,873.34","1,888.80","1,873.34","-","0.81%"
"May 20, 2014","1,872.83","1,884.88","1,884.88","1,868.14","-","-0.65%"
"May 19, 2014","1,885.08","1,876.66","1,886.00","1,872.42","-","0.38%"
"May 16, 2014","1,877.86","1,871.19","1,878.28","1,864.82","-","0.37%"
"May 15, 2014","1,870.85","1,888.16","1,888.16","1,862.36","-","-0.94%"
"May 14, 2014","1,888.53","1,897.13","1,897.13","1,885.77","-","-0.47%"
"May 13, 2014","1,897.45","1,896.75","1,902.17","1,896.06","-","0.04%"
"May 12, 2014","1,896.65","1,880.03","1,897.13","1,880.03","-","0.97%"
"May 09, 2014","1,878.48","1,875.27","1,878.57","1,867.02","-","0.15%"
"May 08, 2014","1,875.63","1,877.39","1,889.07","1,870.05","-","-0.14%"
"May 07, 2014","1,878.21","1,868.53","1,878.83","1,859.79","-","0.56%"
"May 06, 2014","1,867.72","1,883.69","1,883.69","1,867.72","-","-0.90%"
"May 05, 2014","1,884.66","1,879.45","1,885.51","1,866.77","-","0.19%"
"May 02, 2014","1,881.14","1,885.30","1,891.33","1,878.50","-","-0.13%"
"May 01, 2014","1,883.68","1,884.39","1,888.59","1,878.04","-","-0.01%"
"Apr 30, 2014","1,883.95","1,877.10","1,885.20","1,872.69","-","0.30%"
"Apr 29, 2014","1,878.33","1,870.78","1,880.60","1,870.78","-","0.48%"
"Apr 28, 2014","1,869.43","1,865.00","1,877.01","1,850.61","-","0.32%"
"Apr 25, 2014","1,863.40","1,877.72","1,877.72","1,859.70","-","-0.81%"
"Apr 24, 2014","1,878.61","1,881.97","1,884.06","1,870.24","-","0.17%"
"Apr 23, 2014","1,875.39","1,879.32","1,879.75","1,873.91","-","-0.22%"
"Apr 22, 2014","1,879.55","1,872.57","1,884.89","1,872.57","-","0.41%"
"Apr 21, 2014","1,871.89","1,865.79","1,871.89","1,863.18","-","0.38%"
"Apr 17, 2014","1,864.85","1,861.73","1,869.63","1,856.72","-","0.14%"
"Apr 16, 2014","1,862.31","1,846.01","1,862.31","1,846.01","-","1.05%"
"Apr 15, 2014","1,842.98","1,831.45","1,844.02","1,816.29","-","0.68%"
"Apr 14, 2014","1,830.61","1,818.18","1,834.19","1,815.80","-","0.82%"
"Apr 11, 2014","1,815.69","1,830.65","1,835.07","1,814.36","-","-0.95%"
"Apr 10, 2014","1,833.08","1,872.28","1,872.53","1,830.87","-","-2.09%"
"Apr 09, 2014","1,872.18","1,852.64","1,872.43","1,852.38","-","1.09%"
"Apr 08, 2014","1,851.96","1,845.48","1,854.95","1,837.49","-","0.38%"
"Apr 07, 2014","1,845.04","1,863.92","1,864.04","1,841.48","-","-1.08%"
"Apr 04, 2014","1,865.09","1,890.25","1,897.28","1,863.26","-","-1.25%"
"Apr 03, 2014","1,888.77","1,891.43","1,893.80","1,882.65","-","-0.11%"
"Apr 02, 2014","1,890.90","1,886.61","1,893.17","1,883.79","-","0.29%"
"Apr 01, 2014","1,885.52","1,873.96","1,885.84","1,873.96","-","0.70%"
"Mar 31, 2014","1,872.34","1,859.16","1,875.18","1,859.16","-","0.79%"
"Mar 28, 2014","1,857.62","1,850.07","1,866.63","1,850.07","-","0.46%"
"Mar 27, 2014","1,849.04","1,852.11","1,855.55","1,842.11","-","-0.19%"
"Mar 26, 2014","1,852.56","1,867.09","1,875.92","1,852.56","-","-0.70%"
"Mar 25, 2014","1,865.62","1,859.48","1,871.87","1,855.96","-","0.44%"
"Mar 24, 2014","1,857.44","1,867.67","1,873.34","1,849.69","-","-0.49%"
"Mar 21, 2014","1,866.52","1,874.53","1,883.97","1,863.46","-","-0.29%"
"Mar 20, 2014","1,872.01","1,860.09","1,873.49","1,854.63","-","0.60%"
"Mar 19, 2014","1,860.77","1,872.25","1,874.14","1,850.35","-","-0.61%"
"Mar 18, 2014","1,872.25","1,858.92","1,873.76","1,858.92","-","0.72%"
"Mar 17, 2014","1,858.83","1,842.81","1,862.30","1,842.81","-","0.96%"
"Mar 14, 2014","1,841.13","1,845.07","1,852.44","1,839.57","-","-0.28%"
"Mar 13, 2014","1,846.34","1,869.06","1,874.40","1,841.86","-","-1.17%"
"Mar 12, 2014","1,868.20","1,866.15","1,868.38","1,854.38","-","0.03%"
"Mar 11, 2014","1,867.63","1,878.26","1,882.35","1,863.88","-","-0.51%"
"Mar 10, 2014","1,877.17","1,877.86","1,877.87","1,867.04","-","-0.05%"
"Mar 07, 2014","1,878.04","1,878.52","1,883.57","1,870.56","-","0.05%"
"Mar 06, 2014","1,877.03","1,874.18","1,881.94","1,874.18","-","0.17%"
"Mar 05, 2014","1,873.81","1,874.05","1,876.53","1,871.11","-","-0.01%"
"Mar 04, 2014","1,873.91","1,849.23","1,876.23","1,849.23","-","1.53%"
"Mar 03, 2014","1,845.73","1,857.68","1,857.68","1,834.44","-","-0.74%"
"Feb 28, 2014","1,859.45","1,855.12","1,867.92","1,847.67","-","0.28%"
"Feb 27, 2014","1,854.29","1,844.90","1,854.53","1,841.13","-","0.49%"
"Feb 26, 2014","1,845.16","1,845.79","1,852.65","1,840.66","-","0.00%"
"Feb 25, 2014","1,845.12","1,847.66","1,852.91","1,840.19","-","-0.13%"
"Feb 24, 2014","1,847.61","1,836.78","1,858.71","1,836.78","-","0.62%"
"Feb 21, 2014","1,836.25","1,841.07","1,846.13","1,835.60","-","-0.19%"
"Feb 20, 2014","1,839.78","1,829.24","1,842.79","1,824.58","-","0.60%"
"Feb 19, 2014","1,828.75","1,838.90","1,847.50","1,826.99","-","-0.65%"
"Feb 18, 2014","1,840.76","1,839.03","1,842.87","1,835.01","-","0.12%"
"Feb 14, 2014","1,838.63","1,828.46","1,841.65","1,825.59","-","0.48%"
"Feb 13, 2014","1,829.83","1,814.82","1,830.25","1,809.22","-","0.58%"
"Feb 12, 2014","1,819.26","1,820.12","1,826.55","1,815.97","-","-0.03%"
"Feb 11, 2014","1,819.75","1,800.45","1,823.54","1,800.41","-","1.11%"
"Feb 10, 2014","1,799.84","1,796.20","1,799.94","1,791.83","-","0.16%"
"Feb 07, 2014","1,797.02","1,776.01","1,798.03","1,776.01","-","1.33%"
"Feb 06, 2014","1,773.43","1,752.99","1,774.06","1,752.99","-","1.24%"
"Feb 05, 2014","1,751.64","1,753.38","1,755.79","1,737.92","-","-0.20%"
"Feb 04, 2014","1,755.20","1,743.82","1,758.73","1,743.82","-","0.76%"
"Feb 03, 2014","1,741.89","1,782.68","1,784.83","1,739.66","-","-2.28%"
"Jan 31, 2014","1,782.59","1,790.88","1,793.88","1,772.26","-","-0.65%"
"Jan 30, 2014","1,794.19","1,777.17","1,798.77","1,777.17","-","1.13%"
"Jan 29, 2014","1,774.20","1,790.15","1,790.15","1,770.45","-","-1.02%"
"Jan 28, 2014","1,792.50","1,783.00","1,793.87","1,779.49","-","0.61%"
"Jan 27, 2014","1,781.56","1,791.03","1,795.98","1,772.88","-","-0.49%"
"Jan 24, 2014","1,790.29","1,826.96","1,826.96","1,790.29","-","-2.09%"
"Jan 23, 2014","1,828.46","1,842.29","1,842.29","1,820.06","-","-0.89%"
"Jan 22, 2014","1,844.86","1,844.71","1,846.87","1,840.88","-","0.06%"
"Jan 21, 2014","1,843.80","1,841.05","1,849.31","1,832.38","-","0.28%"
"Jan 17, 2014","1,838.70","1,844.23","1,846.04","1,835.23","-","-0.39%"
"Jan 16, 2014","1,845.89","1,847.99","1,847.99","1,840.30","-","-0.13%"
"Jan 15, 2014","1,848.38","1,840.52","1,850.84","1,840.52","-","0.52%"
"Jan 14, 2014","1,838.88","1,821.36","1,839.26","1,821.36","-","1.08%"
"Jan 13, 2014","1,819.20","1,841.26","1,843.45","1,815.52","-","-1.26%"
"Jan 10, 2014","1,842.37","1,840.06","1,843.15","1,832.43","-","0.23%"
"Jan 09, 2014","1,838.13","1,839.00","1,843.23","1,830.38","-","0.03%"
"Jan 08, 2014","1,837.49","1,837.90","1,840.02","1,831.40","-","-0.02%"
"Jan 07, 2014","1,837.88","1,828.71","1,840.10","1,828.71","-","0.61%"
"Jan 06, 2014","1,826.77","1,832.31","1,837.16","1,823.73","-","-0.25%"
"Jan 03, 2014","1,831.37","1,833.21","1,838.24","1,829.13","-","-0.03%"
"Jan 02, 2014","1,831.98","1,845.86","1,845.86","1,827.74","-","-0.89%"
"Dec 31, 2013","1,848.36","1,842.61","1,849.44","1,842.41","-","0.40%"
"Dec 30, 2013","1,841.07","1,841.47","1,842.47","1,838.77","-","-0.02%"
"Dec 27, 2013","1,841.40","1,842.97","1,844.89","1,839.81","-","-0.03%"
"Dec 26, 2013","1,842.02","1,834.96","1,842.84","1,834.96","-","0.47%"
"Dec 24, 2013","1,833.32","1,828.02","1,833.32","1,828.02","-","0.29%"
"Dec 23, 2013","1,827.99","1,822.92","1,829.75","1,822.92","-","0.53%"
"Dec 20, 2013","1,818.32","1,810.39","1,823.75","1,810.25","-","0.48%"
"Dec 19, 2013","1,809.60","1,809.00","1,810.88","1,801.35","-","-0.06%"
"Dec 18, 2013","1,810.65","1,781.46","1,811.08","1,767.99","-","1.66%"
"Dec 17, 2013","1,781.00","1,786.47","1,786.77","1,777.05","-","-0.31%"
"Dec 16, 2013","1,786.54","1,777.48","1,792.22","1,777.48","-","0.63%"
"Dec 13, 2013","1,775.32","1,777.98","1,780.92","1,772.45","-","-0.01%"
"Dec 12, 2013","1,775.50","1,781.71","1,782.99","1,772.28","-","-0.38%"
"Dec 11, 2013","1,782.22","1,802.76","1,802.97","1,780.09","-","-1.13%"
"Dec 10, 2013","1,802.62","1,807.60","1,808.52","1,801.75","-","-0.32%"
"Dec 09, 2013","1,808.37","1,806.21","1,811.52","1,806.21","-","0.18%"
"Dec 06, 2013","1,805.09","1,788.36","1,806.04","1,788.36","-","1.12%"
"Dec 05, 2013","1,785.03","1,792.82","1,792.82","1,783.38","-","-0.43%"
"Dec 04, 2013","1,792.81","1,793.15","1,799.80","1,779.09","-","-0.13%"
"Dec 03, 2013","1,795.15","1,800.10","1,800.10","1,787.85","-","-0.32%"
"Dec 02, 2013","1,800.90","1,806.55","1,810.02","1,798.60","-","-0.27%"
"Nov 29, 2013","1,805.81","1,808.69","1,813.55","1,803.98","-","-0.08%"
"Nov 27, 2013","1,807.23","1,803.48","1,808.27","1,802.77","-","0.25%"
"Nov 26, 2013","1,802.75","1,802.87","1,808.42","1,800.77","-","0.01%"
"Nov 25, 2013","1,802.48","1,806.33","1,808.10","1,800.58","-","-0.13%"
"Nov 22, 2013","1,804.76","1,797.21","1,804.84","1,794.70","-","0.50%"
"Nov 21, 2013","1,795.85","1,783.52","1,797.16","1,783.52","-","0.81%"
"Nov 20, 2013","1,781.37","1,789.59","1,795.73","1,777.23","-","-0.36%"
"Nov 19, 2013","1,787.87","1,790.79","1,795.51","1,784.72","-","-0.20%"
"Nov 18, 2013","1,791.53","1,798.82","1,802.33","1,788.00","-","-0.37%"
"Nov 15, 2013","1,798.18","1,790.66","1,798.22","1,790.66","-","0.42%"
"Nov 14, 2013","1,790.62","1,782.75","1,791.53","1,780.22","-","0.48%"
"Nov 13, 2013","1,782.00","1,764.37","1,782.00","1,760.64","-","0.81%"
"Nov 12, 2013","1,767.69","1,769.51","1,771.78","1,762.29","-","-0.24%"
"Nov 11, 2013","1,771.89","1,769.96","1,773.44","1,767.85","-","0.07%"
"Nov 08, 2013","1,770.61","1,748.37","1,770.78","1,747.63","-","1.34%"
"Nov 07, 2013","1,747.15","1,770.74","1,774.54","1,746.20","-","-1.32%"
"Nov 06, 2013","1,770.49","1,765.00","1,773.74","1,764.40","-","0.43%"
"Nov 05, 2013","1,762.97","1,765.67","1,767.03","1,755.76","-","-0.28%"
"Nov 04, 2013","1,767.93","1,763.40","1,768.78","1,761.56","-","0.36%"
"Nov 01, 2013","1,761.64","1,758.70","1,765.67","1,752.70","-","0.29%"
"Oct 31, 2013","1,756.54","1,763.24","1,768.53","1,755.72","-","-0.38%"
"Oct 30, 2013","1,763.31","1,772.27","1,775.22","1,757.24","-","-0.49%"
"Oct 29, 2013","1,771.95","1,762.93","1,772.09","1,762.93","-","0.56%"
"Oct 28, 2013","1,762.11","1,759.42","1,764.99","1,757.67","-","0.13%"
"Oct 25, 2013","1,759.77","1,756.01","1,759.82","1,752.45","-","0.44%"
"Oct 24, 2013","1,752.07","1,747.48","1,753.94","1,745.50","-","0.33%"
"Oct 23, 2013","1,746.38","1,752.27","1,752.27","1,740.50","-","-0.47%"
"Oct 22, 2013","1,754.67","1,746.48","1,759.33","1,746.48","-","0.57%"
"Oct 21, 2013","1,744.66","1,745.20","1,747.79","1,740.67","-","0.01%"
"Oct 18, 2013","1,744.50","1,736.72","1,745.31","1,735.74","-","0.65%"
"Oct 17, 2013","1,733.15","1,720.17","1,733.45","1,714.12","-","0.67%"
"Oct 16, 2013","1,721.54","1,700.49","1,721.76","1,700.49","-","1.38%"
"Oct 15, 2013","1,698.06","1,709.17","1,711.57","1,695.93","-","-0.71%"
"Oct 14, 2013","1,710.14","1,699.86","1,711.03","1,692.13","-","0.41%"
"Oct 11, 2013","1,703.20","1,691.09","1,703.44","1,688.52","-","0.63%"
"Oct 10, 2013","1,692.56","1,660.88","1,692.56","1,660.88","-","2.18%"
"Oct 09, 2013","1,656.40","1,656.99","1,662.47","1,646.47","-","0.06%"
"Oct 08, 2013","1,655.45","1,676.22","1,676.79","1,655.03","-","-1.23%"
"Oct 07, 2013","1,676.12","1,687.15","1,687.15","1,674.70","-","-0.85%"
"Oct 04, 2013","1,690.50","1,678.79","1,691.94","1,677.33","-","0.71%"
"Oct 03, 2013","1,678.66","1,692.35","1,692.35","1,670.36","-","-0.90%"
"Oct 02, 2013","1,693.87","1,691.90","1,693.87","1,680.34","-","-0.07%"
"Oct 01, 2013","1,695.00","1,682.41","1,696.55","1,682.07","-","0.80%"
"Sep 30, 2013","1,681.55","1,687.26","1,687.26","1,674.99","-","-0.60%"
"Sep 27, 2013","1,691.75","1,695.52","1,695.52","1,687.11","-","-0.41%"
"Sep 26, 2013","1,698.67","1,694.05","1,703.85","1,693.11","-","0.35%"
"Sep 25, 2013","1,692.77","1,698.02","1,701.71","1,691.88","-","-0.27%"
"Sep 24, 2013","1,697.42","1,702.60","1,707.63","1,694.90","-","-0.26%"
"Sep 23, 2013","1,701.84","1,711.44","1,711.44","1,697.10","-","-0.47%"
"Sep 20, 2013","1,709.91","1,722.44","1,725.23","1,708.89","-","-0.72%"
"Sep 19, 2013","1,722.34","1,727.34","1,729.86","1,720.20","-","-0.18%"
"Sep 18, 2013","1,725.52","1,705.74","1,729.44","1,700.35","-","1.22%"
"Sep 17, 2013","1,704.76","1,697.73","1,705.52","1,697.73","-","0.42%"
"Sep 16, 2013","1,697.60","1,691.70","1,704.95","1,691.70","-","0.57%"
"Sep 13, 2013","1,687.99","1,685.04","1,688.73","1,682.22","-","0.27%"
"Sep 12, 2013","1,683.42","1,689.21","1,689.97","1,681.96","-","-0.34%"
"Sep 11, 2013","1,689.13","1,681.04","1,689.13","1,678.70","-","0.31%"
"Sep 10, 2013","1,683.99","1,674.32","1,684.09","1,674.32","-","0.73%"
"Sep 09, 2013","1,671.71","1,656.85","1,672.40","1,656.85","-","1.00%"
"Sep 06, 2013","1,655.17","1,657.44","1,664.83","1,640.62","-","0.01%"
"Sep 05, 2013","1,655.08","1,653.28","1,659.17","1,653.07","-","0.12%"
"Sep 04, 2013","1,653.08","1,640.72","1,655.72","1,637.41","-","0.81%"
"Sep 03, 2013","1,639.77","1,635.95","1,651.35","1,633.41","-","0.42%"
"Aug 30, 2013","1,632.97","1,638.89","1,640.08","1,628.05","-","-0.32%"
"Aug 29, 2013","1,638.17","1,633.50","1,646.41","1,630.88","-","0.20%"
"Aug 28, 2013","1,634.96","1,630.25","1,641.18","1,627.47","-","0.27%"
"Aug 27, 2013","1,630.48","1,652.54","1,652.54","1,629.05","-","-1.59%"
"Aug 26, 2013","1,656.78","1,664.29","1,669.51","1,656.02","-","-0.40%"
"Aug 23, 2013","1,663.50","1,659.92","1,664.85","1,654.81","-","0.39%"
"Aug 22, 2013","1,656.96","1,645.03","1,659.55","1,645.03","-","0.86%"
"Aug 21, 2013","1,642.80","1,650.66","1,656.99","1,639.43","-","-0.58%"
"Aug 20, 2013","1,652.35","1,646.81","1,658.92","1,646.08","-","0.38%"
"Aug 19, 2013","1,646.06","1,655.25","1,659.18","1,645.84","-","-0.59%"
"Aug 16, 2013","1,655.83","1,661.22","1,663.60","1,652.61","-","-0.33%"
"Aug 15, 2013","1,661.32","1,679.61","1,679.61","1,658.59","-","-1.43%"
"Aug 14, 2013","1,685.39","1,693.88","1,695.52","1,684.83","-","-0.52%"
"Aug 13, 2013","1,694.16","1,690.65","1,696.81","1,682.62","-","0.28%"
"Aug 12, 2013","1,689.47","1,688.37","1,691.49","1,683.35","-","-0.12%"
"Aug 09, 2013","1,691.42","1,696.10","1,699.42","1,686.02","-","-0.36%"
"Aug 08, 2013","1,697.48","1,693.35","1,700.18","1,688.38","-","0.39%"
"Aug 07, 2013","1,690.91","1,695.30","1,695.30","1,684.91","-","-0.38%"
"Aug 06, 2013","1,697.37","1,705.79","1,705.79","1,693.29","-","-0.57%"
"Aug 05, 2013","1,707.14","1,708.01","1,709.24","1,703.55","-","-0.15%"
"Aug 02, 2013","1,709.67","1,706.10","1,709.67","1,700.68","-","0.16%"
"Aug 01, 2013","1,706.87","1,689.42","1,707.85","1,689.42","-","1.25%"
"Jul 31, 2013","1,685.73","1,687.76","1,698.43","1,684.94","-","-0.01%"
"Jul 30, 2013","1,685.96","1,687.92","1,693.19","1,682.42","-","0.04%"
"Jul 29, 2013","1,685.33","1,690.32","1,690.92","1,681.86","-","-0.37%"
"Jul 26, 2013","1,691.65","1,687.31","1,691.85","1,676.03","-","0.08%"
"Jul 25, 2013","1,690.25","1,685.21","1,690.94","1,680.07","-","0.26%"
"Jul 24, 2013","1,685.94","1,696.06","1,698.38","1,682.57","-","-0.38%"
"Jul 23, 2013","1,692.39","1,696.63","1,698.78","1,691.13","-","-0.19%"
"Jul 22, 2013","1,695.53","1,694.41","1,697.61","1,690.67","-","0.20%"
"Jul 19, 2013","1,692.09","1,686.15","1,692.09","1,684.08","-","0.16%"
"Jul 18, 2013","1,689.37","1,681.05","1,693.12","1,681.05","-","0.50%"
"Jul 17, 2013","1,680.91","1,677.91","1,684.75","1,677.91","-","0.28%"
"Jul 16, 2013","1,676.26","1,682.70","1,683.73","1,671.84","-","-0.37%"
"Jul 15, 2013","1,682.50","1,679.59","1,684.51","1,677.89","-","0.14%"
"Jul 12, 2013","1,680.19","1,675.26","1,680.19","1,672.33","-","0.31%"
"Jul 11, 2013","1,675.02","1,657.41","1,676.63","1,657.41","-","1.36%"
"Jul 10, 2013","1,652.62","1,651.56","1,657.92","1,647.66","-","0.02%"
"Jul 09, 2013","1,652.32","1,642.89","1,654.18","1,642.89","-","0.72%"
"Jul 08, 2013","1,640.46","1,634.20","1,644.68","1,634.20","-","0.53%"
"Jul 05, 2013","1,631.89","1,618.65","1,632.07","1,614.71","-","1.02%"
"Jul 03, 2013","1,615.41","1,611.48","1,618.97","1,604.57","-","0.08%"
"Jul 02, 2013","1,614.08","1,614.29","1,624.26","1,606.77","-","-0.05%"
"Jul 01, 2013","1,614.96","1,609.78","1,626.61","1,609.78","-","0.54%"
"Jun 28, 2013","1,606.28","1,611.12","1,615.94","1,601.06","-","-0.43%"
"Jun 27, 2013","1,613.20","1,606.44","1,620.07","1,606.44","-","0.62%"
"Jun 26, 2013","1,603.26","1,592.27","1,606.83","1,592.27","-","0.96%"
"Jun 25, 2013","1,588.03","1,577.52","1,593.79","1,577.09","-","0.95%"
"Jun 24, 2013","1,573.09","1,588.77","1,588.77","1,560.33","-","-1.21%"
"Jun 21, 2013","1,592.43","1,588.62","1,599.19","1,577.70","-","0.27%"
"Jun 20, 2013","1,588.19","1,624.62","1,624.62","1,584.32","-","-2.50%"
"Jun 19, 2013","1,628.93","1,651.83","1,652.45","1,628.91","-","-1.39%"
"Jun 18, 2013","1,651.81","1,639.77","1,654.19","1,639.77","-","0.78%"
"Jun 17, 2013","1,639.04","1,630.64","1,646.50","1,630.34","-","0.76%"
"Jun 14, 2013","1,626.73","1,635.52","1,640.80","1,623.96","-","-0.59%"
"Jun 13, 2013","1,636.36","1,612.15","1,639.25","1,608.07","-","1.48%"
"Jun 12, 2013","1,612.52","1,629.94","1,637.71","1,610.92","-","-0.84%"
"Jun 11, 2013","1,626.13","1,638.64","1,640.13","1,622.92","-","-1.02%"
"Jun 10, 2013","1,642.81","1,644.67","1,648.69","1,639.26","-","-0.03%"
"Jun 07, 2013","1,643.38","1,625.27","1,644.40","1,625.27","-","1.28%"
"Jun 06, 2013","1,622.56","1,609.29","1,622.56","1,598.23","-","0.85%"
"Jun 05, 2013","1,608.90","1,629.05","1,629.31","1,607.09","-","-1.38%"
"Jun 04, 2013","1,631.38","1,640.73","1,646.53","1,623.62","-","-0.55%"
"Jun 03, 2013","1,640.42","1,631.71","1,640.42","1,622.72","-","0.59%"
"May 31, 2013","1,630.74","1,652.13","1,658.99","1,630.74","-","-1.43%"
"May 30, 2013","1,654.41","1,649.14","1,661.91","1,648.61","-","0.37%"
"May 29, 2013","1,648.36","1,656.57","1,656.57","1,640.05","-","-0.70%"
"May 28, 2013","1,660.06","1,652.63","1,674.21","1,652.63","-","0.63%"
"May 24, 2013","1,649.60","1,646.67","1,649.78","1,636.88","-","-0.06%"
"May 23, 2013","1,650.51","1,651.62","1,655.50","1,635.53","-","-0.29%"
"May 22, 2013","1,655.35","1,669.39","1,687.18","1,648.86","-","-0.83%"
"May 21, 2013","1,669.16","1,666.20","1,674.93","1,662.67","-","0.17%"
"May 20, 2013","1,666.29","1,665.71","1,672.84","1,663.52","-","-0.07%"
"May 17, 2013","1,667.47","1,652.45","1,667.47","1,652.45","-","1.03%"
"May 16, 2013","1,650.47","1,658.07","1,660.51","1,648.60","-","-0.50%"
"May 15, 2013","1,658.78","1,649.13","1,661.49","1,646.68","-","0.51%"
"May 14, 2013","1,650.34","1,633.75","1,651.10","1,633.75","-","1.01%"
"May 13, 2013","1,633.77","1,632.10","1,636.00","1,626.74","-","0.00%"
"May 10, 2013","1,633.70","1,626.69","1,633.70","1,623.71","-","0.43%"
"May 09, 2013","1,626.67","1,632.69","1,635.01","1,623.09","-","-0.37%"
"May 08, 2013","1,632.69","1,625.95","1,632.78","1,622.70","-","0.41%"
"May 07, 2013","1,625.96","1,617.55","1,626.03","1,616.64","-","0.52%"
"May 06, 2013","1,617.50","1,614.40","1,619.77","1,614.21","-","0.19%"
"May 03, 2013","1,614.42","1,597.60","1,618.46","1,597.60","-","1.05%"
"May 02, 2013","1,597.59","1,582.77","1,598.60","1,582.77","-","0.94%"
"May 01, 2013","1,582.70","1,597.55","1,597.55","1,581.28","-","-0.93%"
"Apr 30, 2013","1,597.57","1,593.58","1,597.57","1,586.50","-","0.25%"
"Apr 29, 2013","1,593.61","1,582.34","1,596.65","1,582.34","-","0.72%"
"Apr 26, 2013","1,582.24","1,585.16","1,585.78","1,577.56","-","-0.18%"
"Apr 25, 2013","1,585.16","1,578.93","1,592.64","1,578.93","-","0.40%"
"Apr 24, 2013","1,578.79","1,578.78","1,583.00","1,575.80","-","0.00%"
"Apr 23, 2013","1,578.78","1,562.50","1,579.58","1,562.50","-","1.04%"
"Apr 22, 2013","1,562.50","1,555.25","1,565.55","1,548.19","-","0.47%"
"Apr 19, 2013","1,555.25","1,541.61","1,555.89","1,539.40","-","0.88%"
"Apr 18, 2013","1,541.61","1,552.03","1,554.38","1,536.03","-","-0.67%"
"Apr 17, 2013","1,552.01","1,574.57","1,574.57","1,543.69","-","-1.43%"
"Apr 16, 2013","1,574.57","1,552.36","1,575.35","1,552.36","-","1.43%"
"Apr 15, 2013","1,552.36","1,588.84","1,588.84","1,552.28","-","-2.30%"
"Apr 12, 2013","1,588.85","1,593.30","1,593.30","1,579.97","-","-0.28%"
"Apr 11, 2013","1,593.37","1,587.73","1,597.35","1,586.17","-","0.36%"
"Apr 10, 2013","1,587.73","1,568.61","1,589.07","1,568.61","-","1.22%"
"Apr 09, 2013","1,568.61","1,563.11","1,573.89","1,560.92","-","0.35%"
"Apr 08, 2013","1,563.07","1,553.26","1,563.07","1,548.63","-","0.63%"
"Apr 05, 2013","1,553.28","1,559.98","1,559.98","1,539.50","-","-0.43%"
"Apr 04, 2013","1,559.98","1,553.69","1,562.60","1,552.52","-","0.40%"
"Apr 03, 2013","1,553.69","1,570.25","1,571.47","1,549.80","-","-1.05%"
"Apr 02, 2013","1,570.25","1,562.17","1,573.66","1,562.17","-","0.52%"
"Apr 01, 2013","1,562.17","1,569.18","1,570.57","1,558.47","-","-0.45%"
"Mar 28, 2013","1,569.19","1,562.86","1,570.28","1,561.08","-","0.41%"
"Mar 27, 2013","1,562.85","1,563.75","1,564.07","1,551.90","-","-0.06%"
"Mar 26, 2013","1,563.77","1,551.69","1,563.95","1,551.69","-","0.78%"
"Mar 25, 2013","1,551.69","1,556.89","1,564.91","1,546.22","-","-0.33%"
"Mar 22, 2013","1,556.89","1,545.90","1,557.74","1,545.90","-","0.72%"
"Mar 21, 2013","1,545.80","1,558.71","1,558.71","1,543.55","-","-0.83%"
"Mar 20, 2013","1,558.71","1,548.34","1,561.56","1,548.34","-","0.67%"
"Mar 19, 2013","1,548.34","1,552.10","1,557.25","1,538.57","-","-0.24%"
"Mar 18, 2013","1,552.10","1,560.70","1,560.70","1,545.13","-","-0.55%"
"Mar 15, 2013","1,560.70","1,563.21","1,563.62","1,555.74","-","-0.16%"
"Mar 14, 2013","1,563.23","1,554.52","1,563.32","1,554.52","-","0.56%"
"Mar 13, 2013","1,554.52","1,552.48","1,556.39","1,548.25","-","0.13%"
"Mar 12, 2013","1,552.48","1,556.22","1,556.77","1,548.24","-","-0.24%"
"Mar 11, 2013","1,556.22","1,551.15","1,556.27","1,547.36","-","0.32%"
"Mar 08, 2013","1,551.18","1,544.26","1,552.48","1,542.94","-","0.45%"
"Mar 07, 2013","1,544.26","1,541.46","1,545.78","1,541.46","-","0.18%"
"Mar 06, 2013","1,541.46","1,539.79","1,545.25","1,538.11","-","0.11%"
"Mar 05, 2013","1,539.79","1,525.20","1,543.47","1,525.20","-","0.96%"
"Mar 04, 2013","1,525.20","1,518.20","1,525.27","1,512.29","-","0.46%"
"Mar 01, 2013","1,518.20","1,514.68","1,519.99","1,501.48","-","0.23%"
"Feb 28, 2013","1,514.68","1,515.99","1,525.34","1,514.46","-","-0.09%"
"Feb 27, 2013","1,515.99","1,496.94","1,520.08","1,494.88","-","1.27%"
"Feb 26, 2013","1,496.94","1,487.85","1,498.99","1,485.01","-","0.61%"
"Feb 25, 2013","1,487.85","1,515.60","1,525.84","1,487.85","-","-1.83%"
"Feb 22, 2013","1,515.60","1,502.42","1,515.64","1,502.42","-","0.88%"
"Feb 21, 2013","1,502.42","1,511.95","1,511.95","1,497.29","-","-0.63%"
"Feb 20, 2013","1,511.95","1,530.94","1,530.94","1,511.41","-","-1.24%"
"Feb 19, 2013","1,530.94","1,519.79","1,530.94","1,519.79","-","0.73%"
"Feb 15, 2013","1,519.79","1,521.38","1,524.24","1,514.14","-","-0.10%"
"Feb 14, 2013","1,521.38","1,520.33","1,523.14","1,514.02","-","0.07%"
"Feb 13, 2013","1,520.33","1,519.43","1,524.69","1,515.93","-","0.06%"
"Feb 12, 2013","1,519.43","1,517.01","1,522.29","1,515.61","-","0.16%"
"Feb 11, 2013","1,517.01","1,517.93","1,518.31","1,513.61","-","-0.06%"
"Feb 08, 2013","1,517.93","1,509.39","1,518.31","1,509.39","-","0.57%"